"Processor_Number","Vertical_Segment","nb_of_Cores","Price_USD","Launch_Year","Turbo_Frequency_GHz","Cache_MB","TDP_W","Max_Memory_GB","Predicted_Price_USD"
"N2805","Mobile",2,NA,2013,1.46,1,4.3,4,63.4855701515916
"J1750","Desktop",2,NA,2013,2.41,1,10,8,108.801673856755
"518","Mobile",1,NA,NA,2.8,1,88,22.4466183574879,64.4551936311358
"773","Mobile",1,NA,NA,1.3,2,5.5,22.4466183574879,50.7251057523608
"J3710","Desktop",4,NA,2016,1.6,2,6.5,8,160.319637317262
"N3510","Mobile",4,NA,2013,2,2,7.5,8,197.659389283883
"3560Y","Mobile",2,NA,2013,1.2,2,11.5,16,70.671222431498
"3556U","Mobile",2,NA,2013,1.7,2,15,16,97.4138918576637
"2129Y","Mobile",2,NA,2013,1.1,2,10,32,75.8811394466851
"753","Mobile",1,NA,NA,1.2,2,5.5,22.4466183574879,46.7203679431255
"733","Mobile",1,NA,NA,1.1,2,5,22.4466183574879,43.2947142311326
"723","Mobile",1,NA,NA,1,2,5,22.4466183574879,39.2559516212502
"713","Mobile",1,NA,NA,1.1,1,7,22.4466183574879,35.0912743142023
"778","Mobile",1,NA,NA,1.6,2,7.5,22.4466183574879,60.1379418969666
"738","Mobile",1,NA,2004,1.4,2,7.5,22.4466183574879,52.428097710322
"758","Mobile",1,NA,NA,1.5,2,7.5,22.4466183574879,56.2794885612729
"571","Desktop",1,NA,2005,3.8,1,115,39.4661935483871,95.3357964669282
"","Mobile",1,NA,NA,0.8,512,5.9,22.4466183574879,112.640584683017
"718","Mobile",1,NA,NA,1.3,1,12,22.4466183574879,38.6542401311194
"570","Desktop",1,NA,2004,3.8,1,115,39.4661935483871,95.3357964669282
"","Mobile",1,NA,NA,0.75,512,24.6,22.4466183574879,86.4341359456171
"780","Mobile",1,NA,NA,2.26,2,27,22.4466183574879,71.7649163570482
"561","Desktop",1,NA,2005,3.6,1,115,39.4661935483871,90.1841237830055
"","Mobile",1,NA,NA,0.7,512,7,22.4466183574879,95.8932165690401
"","Server",1,NA,2001,0.8,512,10.63,699.137906976744,209.00208569783
"770","Mobile",1,NA,NA,2.13,2,27,22.4466183574879,67.5268994187045
"560J","Desktop",1,NA,NA,3.6,1,115,39.4661935483871,90.1841237830055
"","Mobile",1,NA,NA,0.4,256,10.1,22.4466183574879,43.5531311496929
"","Server",1,NA,2001,0.933,512,11.61,699.137906976744,241.797425201327
"765","Mobile",1,NA,NA,2.1,2,7.5,22.4466183574879,79.522677218455
"560","Desktop",1,NA,NA,3.6,1,115,39.4661935483871,90.1841237830055
"760","Mobile",1,NA,2004,2,2,27,22.4466183574879,63.2959838828489
"","Server",1,NA,NA,1.13,512,28.7,699.137906976744,259.589299061246
"551","Desktop",1,NA,2005,3.4,1,84,39.4661935483871,88.8364765690223
"","Desktop",1,NA,NA,2.8,512,68.4,39.4661935483871,325.561907934046
"755","Mobile",1,NA,NA,2,2,7.5,22.4466183574879,75.6344782357814
"","Server",1,NA,2001,1.26,512,30.4,699.137906976744,288.00692994468
"550","Desktop",1,NA,2004,3.4,1,84,39.4661935483871,88.8364765690223
"","Desktop",1,NA,2002,2.6,512,62.6,39.4661935483871,305.432511830564
"550J","Desktop",1,NA,NA,3.4,1,84,39.4661935483871,88.8364765690223
"750","Mobile",1,NA,NA,1.86,2,27,22.4466183574879,58.7480715789444
"","Desktop",1,NA,NA,0.9,256,23.2,39.4661935483871,100.126181664273
"","Server",1,NA,NA,1.4,512,32.2,699.137906976744,318.378434938529
"","Desktop",1,NA,NA,3.8,1,65,39.4661935483871,103.206223636972
"","Desktop",1,NA,2002,2.5,512,61,39.4661935483871,294.426918765895
"","Server",1,NA,NA,1,512,12.1,699.137906976744,258.167191675103
"745A","Mobile",1,NA,2004,1.8,2,21,22.4466183574879,58.821576093278
"","Desktop",1,NA,2000,0.85,256,22.5,39.4661935483871,94.8183236185376
"550","Desktop",1,NA,2004,3.4,1,115,39.4661935483871,85.0403085281649
"920","Desktop",2,NA,2006,2.8,4,95,39.4661935483871,178.059943171323
"","Desktop",1,NA,2002,2.4,512,59.8,39.4661935483871,283.11413569206
"","Desktop",1,NA,NA,0.933,256,27.3,39.4661935483871,101.57579702555
"745","Mobile",1,NA,2004,1.8,2,7.5,22.4466183574879,67.8743651461142
"","Desktop",1,NA,NA,0.8,256,20.8,39.4661935483871,90.0707881564028
"","Desktop",1,NA,2004,3.4,1,103,39.4661935483871,86.3533058007548
"541","Desktop",1,NA,2004,3.2,1,84,39.4661935483871,83.4717212010868
"","Desktop",1,NA,2002,2.2,512,57.1,39.4661935483871,260.570330617774
"A1018","Mobile",2,NA,2013,2.1,1,35,32,105.222888888808
"1405","Server",2,NA,2012,1.8,5,40,375,212.577157278725
"","Mobile",1,NA,NA,1.4,512,20.8,22.4466183574879,168.006970981719
"740","Mobile",1,NA,NA,1.73,2,27,22.4466183574879,54.5334112181548
"","Desktop",1,NA,2000,0.866,256,26.1,39.4661935483871,94.6786252161592
"","Desktop",1,NA,NA,0.75,256,19.5,39.4661935483871,85.0515874597954
"","Desktop",1,NA,NA,3.4,512,89,39.4661935483871,383.154534596355
"540J","Desktop",1,NA,2005,3.2,1,84,39.4661935483871,83.4717212010868
"","Desktop",1,NA,2002,2,512,54.3,39.4661935483871,237.920317334813
"","Mobile",1,NA,NA,0.6,256,9.7,22.4466183574879,66.4333619484419
"","Mobile",1,NA,NA,1.5,512,25.8,22.4466183574879,175.027401962638
"G620T","Desktop",2,NA,2011,2.2,3,35,32,142.979200853451
"","Mobile",1,NA,NA,0.9,1,7,22.4466183574879,28.5532624475689
"","Desktop",1,NA,NA,0.8,256,20.8,39.4661935483871,90.0707881564028
"","Desktop",1,NA,2000,0.7,256,18.3,39.4661935483871,79.9339666202766
"","Desktop",1,NA,2004,3.4,1,103,39.4661935483871,86.3533058007548
"672","Desktop",1,NA,2005,3.8,2,115,39.4661935483871,112.247147587212
"540","Desktop",1,NA,2004,3.2,1,84,39.4661935483871,83.4717212010868
"","Desktop",1,NA,NA,2,256,71.8,39.4661935483871,194.376721813296
"","Mobile",1,NA,NA,1.6,512,26.9,22.4466183574879,185.944554144932
"G622","Desktop",2,NA,2011,2.6,3,65,32,155.753506476032
"","Mobile",1,NA,NA,1,1,7,22.4466183574879,31.8177724756934
"735","Mobile",1,NA,NA,1.7,2,7.5,22.4466183574879,64.0030274848285
"","Desktop",1,NA,2000,0.733,256,22.8,39.4661935483871,81.2851883001297
"","Desktop",1,NA,NA,0.65,256,17,39.4661935483871,74.8362770345605
"","Desktop",1,NA,2004,3.2,1,103,39.4661935483871,81.1385068946586
"670","Desktop",1,NA,2005,3.8,2,115,39.4661935483871,112.247147587212
"531","Desktop",1,NA,2004,3,1,84,39.4661935483871,78.1161714275973
"","Mobile",1,NA,2002,1.7,512,30,22.4466183574879,194.916961505127
"B925C","Embedded",2,NA,2013,2,4,15,186.197125,223.371525656395
"G850","Desktop",2,NA,2011,2.9,3,65,32,174.246798992264
"","Desktop",1,NA,NA,0.667,256,17.5,39.4661935483871,76.5389093344807
"","Desktop",1,NA,NA,0.6,512,34.5,39.4661935483871,73.5496475835797
"","Desktop",1,NA,NA,3.2,512,82,39.4661935483871,364.139863544902
"530J","Desktop",1,NA,2004,3,1,84,39.4661935483871,78.1161714275973
"","Desktop",1,NA,NA,2.8,1,103,39.4661935483871,70.7363343898765
"","Desktop",1,NA,NA,1.9,256,69.2,39.4661935483871,185.345986193263
"","Mobile",1,NA,NA,0.9,256,30.7,22.4466183574879,85.8511898622165
"","Mobile",1,NA,NA,0.933,512,20.1,22.4466183574879,111.252054215256
"","Mobile",1,NA,NA,1.8,512,30,22.4466183574879,206.706862757486
"","Mobile",1,NA,NA,1.2,1,12,22.4466183574879,35.6024949519948
"730","Mobile",1,NA,NA,1.6,2,27,22.4466183574879,50.3274470829537
"","Desktop",1,NA,NA,0.6,512,34.5,39.4661935483871,73.5496475835797
"","Desktop",1,NA,2000,0.6,256,19.5,39.4661935483871,67.6256059962111
"","Desktop",1,NA,2004,3.2,1,103,39.4661935483871,81.1385068946586
"662","Desktop",1,NA,2005,3.6,2,115,39.4661935483871,106.181634049767
"530","Desktop",1,NA,2004,3,1,84,39.4661935483871,78.1161714275973
"519K","Desktop",1,NA,2004,3.06,1,84,39.4661935483871,79.7218357234266
"","Desktop",1,NA,2002,2.8,512,68.4,39.4661935483871,325.561907934046
"","Desktop",1,NA,NA,1.8,512,68.1,39.4661935483871,206.892196189586
"","Mobile",1,NA,NA,0.85,256,27.5,22.4466183574879,82.2029794848916
"","Mobile",1,NA,NA,0.866,512,19.5,22.4466183574879,103.486906598667
"","Mobile",1,NA,NA,1.9,512,32,22.4466183574879,216.562833317641
"G860T","Desktop",2,NA,2012,2.6,3,35,32,169.752368598335
"B940","Mobile",2,NA,2011,2,2,35,16,102.324532436257
"G632","Desktop",2,NA,2011,2.7,3,65,32,161.911741980246
"","Mobile",1,NA,NA,0.4,256,13.1,22.4466183574879,42.0064294349244
"","Mobile",1,NA,2003,1.1,1,12,22.4466183574879,32.5577334159157
"","Desktop",1,NA,NA,0.6,256,15.8,39.4661935483871,69.6330693443381
"","Desktop",1,NA,NA,0.55,512,30.8,39.4661935483871,68.3288623418022
"","Desktop",1,NA,2004,3,1,89,39.4661935483871,77.4907322246166
"661","Desktop",1,NA,2006,3.6,2,86,39.4661935483871,110.559257934034
"524","Desktop",1,NA,2006,3.06,1,84,39.4661935483871,79.7218357234266
"519","Desktop",1,NA,NA,3.06,1,84,39.4661935483871,79.7218357234266
"520","Desktop",1,NA,NA,2.8,1,84,39.4661935483871,72.7704244132118
"","Desktop",1,NA,NA,1.8,256,66.7,39.4661935483871,176.229674298428
"","Mobile",1,NA,NA,0.8,256,25.9,22.4466183574879,77.8852115848742
"","Mobile",1,NA,NA,2,512,32,22.4466183574879,228.282200600717
"B950","Mobile",2,NA,2011,2.1,2,35,16,107.584807276535
"","Mobile",1,NA,NA,0.366,256,13.1,22.4466183574879,38.3422371055243
"E6700","Desktop",2,NA,2010,3.2,2,65,39.4661935483871,182.871159898693
"T2390","Mobile",2,NA,NA,1.86,1,35,22.4466183574879,86.4187507506601
"","Mobile",1,NA,NA,1.3,1,22,22.4466183574879,35.5302486306381
"","Desktop",1,NA,NA,0.55,256,14.5,39.4661935483871,64.4426856628995
"","Desktop",1,NA,NA,0.533,512,29.7,39.4661935483871,66.4951805167244
"","Desktop",1,NA,NA,3,512,81.9,39.4661935483871,340.834450950562
"521","Desktop",1,NA,2005,2.8,1,84,39.4661935483871,72.7704244132118
"516","Desktop",1,NA,2005,2.93,1,84,39.4661935483871,76.2440119760953
"","Desktop",1,NA,NA,2.66,512,66.1,39.4661935483871,310.320684711962
"660","Desktop",1,NA,2005,3.6,2,115,39.4661935483871,106.181634049767
"","Mobile",1,NA,NA,0.75,256,24.6,22.4466183574879,73.4118182014715
"","Mobile",1,NA,NA,0.65,256,7,22.4466183574879,75.4744690854707
"","Mobile",1,NA,2002,2.2,512,35,22.4466183574879,248.651208730046
"G640T","Desktop",2,NA,2012,2.4,3,35,32,156.350450186339
"","Mobile",1,NA,NA,0.333,256,11.8,22.4466183574879,35.3040259575216
"T4400","Mobile",2,NA,2009,2.2,1,35,22.4466183574879,102.688046308433
"T2370","Mobile",2,NA,2008,1.73,1,35,22.4466183574879,80.2189611502757
"E2220","Desktop",2,NA,2008,2.4,1,65,39.4661935483871,115.572958829754
"725","Mobile",1,NA,2004,1.6,2,7.5,22.4466183574879,60.1379418969666
"","Mobile",1,NA,NA,1.4,1,22,22.4466183574879,38.3412927583961
"","Desktop",1,NA,NA,0.533,256,14,39.4661935483871,62.7021663022262
"","Desktop",1,NA,NA,0.5,512,28,39.4661935483871,62.7812149509551
"","Desktop",1,NA,2004,3,1,89,39.4661935483871,77.4907322246166
"520J","Desktop",1,NA,2004,2.8,1,84,39.4661935483871,72.7704244132118
"515","Desktop",1,NA,2005,2.93,1,84,39.4661935483871,76.2440119760953
"","Desktop",1,NA,NA,2.66,1,89,39.4661935483871,68.4818678038182
"","Desktop",1,NA,NA,1.7,256,64,39.4661935483871,167.135543643893
"","Mobile",1,NA,NA,0.7,256,23,22.4466183574879,69.0304451269864
"","Mobile",1,NA,NA,3.2,512,76,22.4466183574879,328.07128975238
"","Mobile",1,NA,NA,2.3,512,35,22.4466183574879,260.271052231107
"B960","Mobile",2,NA,2011,2.2,2,35,16,112.851967859668
"","Mobile",1,NA,NA,0.3,512,11.1,22.4466183574879,37.6589756828618
"957","Mobile",2,NA,2011,1.2,2,17,8.01,58.1398194132308
"","Desktop",1,NA,NA,0.233,512,17,39.4661935483871,30.7070871757807
"T4500","Mobile",2,NA,2010,2.3,1,35,22.4466183574879,107.486812554645
"T2330","Mobile",2,NA,2007,1.6,1,35,22.4466183574879,74.0319637476848
"","Desktop",1,NA,NA,2.8,1,89,39.4661935483871,72.1877860757999
"","Desktop",1,NA,NA,0.5,256,13.2,39.4661935483871,59.199212727302
"","Desktop",1,NA,NA,1.4,256,31.2,39.4661935483871,151.291248750592
"","Desktop",1,NA,2004,2.8,1,89,39.4661935483871,72.1877860757999
"650","Desktop",1,NA,2005,3.4,2,84,39.4661935483871,104.594931454001
"511","Desktop",1,NA,NA,2.8,1,84,39.4661935483871,72.7704244132118
"","Desktop",1,NA,NA,2.53,512,61.5,39.4661935483871,297.719569301324
"","Desktop",1,NA,NA,1.6,512,38,39.4661935483871,198.798196678658
"","Mobile",1,NA,NA,0.65,256,21.5,22.4466183574879,64.5720120365978
"","Mobile",1,NA,NA,1.26,512,22,22.4466183574879,149.598261607315
"","Mobile",1,NA,NA,3.06,512,70,22.4466183574879,316.93612237777
"552","Mobile",1,NA,NA,3.46,1,88,22.4466183574879,80.1124737716713
"","Mobile",1,NA,NA,2.4,512,35,22.4466183574879,271.904781900183
"B970","Mobile",2,NA,2012,2.3,2,35,16,118.125709387061
"967","Mobile",2,NA,2011,1.3,2,17,16,72.6705648216462
"P6300","Mobile",2,NA,2011,2.27,3,35,8,111.3505635077
"","Mobile",1,NA,NA,0.3,256,11.6,22.4466183574879,31.789874721118
"","Desktop",1,NA,NA,0.2,512,15.7,39.4661935483871,26.5396240062627
"","Desktop",1,NA,NA,0.2,512,37.9,39.4661935483871,23.4791218496359
"","Desktop",1,NA,NA,0.333,512,20.6,39.4661935483871,43.1507175887724
"G6960","Desktop",2,NA,2011,2.93,3,73,16.38,151.197694648594
"E6500K","Desktop",2,NA,2009,2.93,2,65,39.4661935483871,167.036580829686
"E2200","Desktop",2,NA,2007,2.2,1,65,39.4661935483871,105.689041982629
"T2310","Mobile",2,NA,2007,1.46,1,35,22.4466183574879,67.3845138542332
"","Mobile",1,NA,NA,1.5,1,24.5,22.4466183574879,40.5465568903355
"","Desktop",1,NA,NA,0.45,512,25.3,39.4661935483871,57.1397438754947
"","Desktop",1,NA,NA,2.8,1,89,39.4661935483871,72.1877860757999
"","Desktop",1,NA,NA,1.33,256,29.9,39.4661935483871,144.376151292448
"","Desktop",1,NA,NA,2.8,512,69.7,39.4661935483871,324.710825734407
"641","Desktop",1,NA,2006,3.2,2,86,39.4661935483871,97.9575457611385
"511","Desktop",1,NA,2005,2.8,1,84,39.4661935483871,72.7704244132118
"","Desktop",1,NA,NA,1.6,256,61,39.4661935483871,158.09411048216
"","Mobile",1,NA,NA,0.6,512,34.5,22.4466183574879,65.5680874603968
"","Mobile",1,NA,NA,1.2,512,22,22.4466183574879,142.283771842421
"","Mobile",1,NA,NA,2.8,512,68.4,22.4466183574879,290.232140527059
"548","Mobile",1,NA,NA,3.33,1,88,22.4466183574879,77.0214251578645
"","Mobile",1,NA,NA,2.5,512,35,22.4466183574879,283.551834380063
"B980","Mobile",2,NA,2012,2.4,2,35,16,123.405753242098
"977","Mobile",2,NA,2012,1.4,2,17,16.38,78.7956324358723
"P6200","Mobile",2,NA,2010,2.13,3,35,8,104.30063992996
"","Mobile",1,NA,NA,0.8,512,9.8,22.4466183574879,104.967758692971
"","Mobile",1,NA,NA,0.266,512,10.3,22.4466183574879,33.6287623210158
"","Desktop",1,NA,NA,0.166,512,13.1,39.4661935483871,22.474109711908
"","Desktop",1,NA,NA,0.2,256,35,39.4661935483871,20.163644032472
"","Desktop",1,NA,NA,0.45,512,27.1,39.4661935483871,56.5963424012147
"","Desktop",1,NA,NA,0.3,512,21.5,39.4661935483871,38.5334985274516
"G6950","Desktop",2,NA,2010,2.8,3,73,16.38,144.309305409153
"E6500","Desktop",2,NA,2008,2.93,2,65,39.4661935483871,167.036580829686
"T4300","Mobile",2,NA,NA,2.1,1,35,22.4466183574879,97.895268299038
"E2180","Desktop",2,NA,2007,2,1,65,39.4661935483871,95.8298026132472
"520J","Desktop",1,NA,NA,2.8,1,84,39.4661935483871,72.7704244132118
"T2130","Mobile",2,NA,2007,1.86,1,31,22.4466183574879,87.8892655678708
"715","Mobile",1,NA,NA,1.5,2,7.5,22.4466183574879,56.2794885612729
"","Mobile",1,NA,2003,1.6,1,24.5,22.4466183574879,43.3263795519093
"","Desktop",1,NA,NA,1.2,256,29.9,39.4661935483871,129.896776549575
"640","Desktop",1,NA,2005,3.2,2,84,39.4661935483871,98.2785370893426
"506","Desktop",1,NA,2005,2.66,1,84,39.4661935483871,69.0345951247279
"","Desktop",1,NA,2002,2.4,512,59.8,39.4661935483871,283.11413569206
"","Desktop",1,NA,NA,1.5,256,57.8,39.4661935483871,149.063354667248
"","Mobile",1,NA,NA,0.5,256,16.8,22.4466183574879,51.0347887516772
"","Mobile",1,NA,NA,1.13,512,21.8,22.4466183574879,133.932872922832
"","Mobile",1,NA,NA,2.66,512,66.1,22.4466183574879,276.644884978439
"","Mobile",1,NA,NA,2.6,512,35,22.4466183574879,295.211690825068
"538","Mobile",1,NA,NA,3.2,1,88,22.4466183574879,73.9336893542074
"987","Mobile",2,NA,2012,1.5,2,17,16.38,84.5839938510655
"P6100","Mobile",2,NA,2010,2,3,35,8,97.7656560690377
"U5600","Mobile",2,NA,2011,1.33,3,18,8,70.5170606669977
"","Desktop",1,NA,NA,0.2,1,44,39.4661935483871,5.28928411839018
"","Desktop",1,NA,NA,0.18,256,31.7,39.4661935483871,18.3457119152005
"","Desktop",1,NA,NA,0.4,512,24.3,39.4661935483871,50.9115248668082
"","Desktop",1,NA,NA,0.266,512,16.8,39.4661935483871,35.2418437236276
"","Mobile",1,NA,NA,0.266,256,10.3,22.4466183574879,28.5621943094821
"G6951","Desktop",2,NA,2011,2.8,3,73,16.38,144.309305409153
"T3400","Mobile",2,NA,2008,2.16,1,35,22.4466183574879,100.770201553532
"E5300","Desktop",2,NA,2008,2.6,2,65,39.4661935483871,147.738012810706
"T2080","Mobile",2,NA,2007,1.73,1,31,22.4466183574879,81.5839793895824
"E2160","Desktop",2,NA,2006,1.8,1,65,39.4661935483871,85.9976450710079
"","Mobile",1,NA,NA,1.7,1,24.5,22.4466183574879,46.1109804194818
"","Desktop",1,NA,NA,1.13,256,29.1,39.4661935483871,122.579065535646
"","Desktop",1,NA,NA,1.1,256,33,39.4661935483871,117.169777278961
"920","Desktop",2,NA,2006,2.8,4,95,39.4661935483871,178.059943171323
"","Desktop",1,NA,NA,2.6,512,69,39.4661935483871,301.326782302664
"","Desktop",1,NA,2004,3.73,2,115,39.4661935483871,110.123196259728
"","Desktop",1,NA,NA,3.4,2,102.9,39.4661935483871,101.685009352461
"631","Desktop",1,NA,2006,3,2,86,39.4661935483871,91.6725847652003
"520","Desktop",1,NA,2004,2.8,1,84,39.4661935483871,72.7704244132118
"505J","Desktop",1,NA,2005,2.66,1,84,39.4661935483871,69.0345951247279
"","Desktop",1,NA,NA,2.4,1,89,39.4661935483871,61.6138732067403
"","Desktop",1,NA,NA,1.4,256,54.7,39.4661935483871,139.93080673364
"","Mobile",1,NA,NA,0.45,256,15.5,22.4466183574879,46.3143185265959
"","Mobile",1,NA,NA,1.06,512,21,22.4466183574879,126.069325668462
"532","Mobile",1,NA,NA,3.06,1,88,22.4466183574879,70.6122906334203
"997","Mobile",2,NA,2012,1.6,2,17,16,89.9521404586306
"","Mobile",1,NA,NA,1.06,512,21,22.4466183574879,126.069325668462
"","Mobile",1,NA,NA,0.233,512,9,22.4466183574879,29.9055626569964
"","Desktop",1,NA,NA,0.166,512,35,39.4661935483871,19.6039793367522
"","Desktop",1,NA,NA,0.15,256,31.7,39.4661935483871,15.2117413055324
"","Desktop",1,NA,NA,0.35,512,21.5,39.4661935483871,45.1464549082677
"","Desktop",1,NA,NA,0.233,512,34.8,39.4661935483871,27.7959586306486
"U5400","Mobile",2,NA,2010,1.2,3,18,8,63.4449581208147
"P6000","Mobile",2,NA,2010,1.86,3,35,8,90.7410456141532
"T4200","Mobile",2,NA,2009,2,1,35,22.4466183574879,93.1087558736168
"T3200","Mobile",2,NA,NA,2,1,35,22.4466183574879,93.1087558736168
"","Desktop",1,NA,NA,3,512,81.9,39.4661935483871,340.834450950562
"E2140","Desktop",2,NA,2007,1.6,1,65,39.4661935483871,76.1955028444536
"T2060","Mobile",2,NA,2007,1.6,1,31,22.4466183574879,75.2917030831016
"840","Desktop",2,NA,2005,3.2,2,130,39.4661935483871,166.070510019134
"705","Mobile",1,NA,NA,1.5,1,24.5,22.4466183574879,40.5465568903355
"","Desktop",1,NA,2000,1,256,29,39.4661935483871,108.165342383389
"","Desktop",1,NA,2000,1,256,29,39.4661935483871,108.165342383389
"","Desktop",1,NA,NA,3.06,512,81.8,39.4661935483871,347.899333417218
"","Desktop",1,NA,NA,2.4,512,66.2,39.4661935483871,279.140183692552
"","Desktop",1,NA,2004,3.46,2,110.7,39.4661935483871,102.482793178203
"","Desktop",1,NA,NA,3.2,2,92.1,39.4661935483871,97.0286859043002
"630","Desktop",1,NA,2005,3,2,84,39.4661935483871,91.9729812738617
"620","Desktop",1,NA,NA,2.8,2,84,39.4661935483871,85.6789671015904
"517","Desktop",1,NA,2005,2.93,1,84,39.4661935483871,76.2440119760953
"505","Desktop",1,NA,NA,2.66,1,84,39.4661935483871,69.0345951247279
"","Desktop",1,NA,NA,2.26,512,58,39.4661935483871,267.292847300408
"","Desktop",1,NA,NA,1.3,256,51.6,39.4661935483871,130.727683217903
"","Mobile",1,NA,NA,1,256,34,22.4466183574879,94.3182239744767
"","Mobile",1,NA,NA,1,512,20.5,22.4466183574879,119.14166582875
"","Mobile",1,NA,NA,2.4,512,59.8,22.4466183574879,252.390773038537
"G1620","Desktop",2,NA,2013,2.7,2,55,32,150.619099059854
"G3900T","Desktop",2,NA,2015,2.6,2,35,64,177.668032366152
"J1850","Desktop",4,NA,2013,2,2,10,8,189.909639425236
"J3160","Desktop",4,NA,2016,1.6,2,6,8,162.11371382613
"N2810","Mobile",2,NA,2013,2,1,7.5,8,93.4964214202398
"N2815","Mobile",2,NA,2013,1.86,1,7.5,8,86.7785619406377
"N2820","Mobile",2,NA,2013,2.13,1,7.5,8,99.7460353399153
"N2910","Mobile",4,NA,2013,1.6,2,7.5,8.79,160.203388669091
"N2920","Mobile",4,NA,2013,1.86,2,7.5,8,183.45726280821
"3965Y","Mobile",2,NA,2017,1.5,2,6,16,97.2964017158488
"i5-7267U","Mobile",2,NA,2017,3.5,4,28,32,254.309941062001
"i5-7287U","Mobile",2,NA,2017,3.7,4,28,32,269.252503930893
"i5-7400T","Desktop",4,NA,2017,3,6,35,64,478.708832030846
"i5-7440HQ","Mobile",4,NA,2017,3.8,6,45,64,589.357006288141
"i5-7500T","Desktop",4,NA,2017,3.3,6,35,64,527.959741815952
"i5-7500","Desktop",4,NA,2017,3.8,6,65,64,559.983173567689
"i5-7600","Desktop",4,NA,2017,4.1,6,65,64,605.454422900709
"i5-7600T","Desktop",4,NA,2017,3.7,6,35,64,593.817600569424
"i5-7600K","Desktop",4,NA,2017,4.2,6,91,64,592.267438978103
"i7-4930MX","Mobile",4,NA,2013,3.9,8,57,32,544.316523577173
"i7-4940MX","Mobile",4,NA,2014,4,8,57,32,558.661632630348
"i7-5820K","Desktop",6,NA,2014,3.6,15,140,64,832.091758731498
"i7-5930K","Desktop",6,NA,2014,3.7,15,140,64,855.8491189968
"i7-5960X","Desktop",8,NA,2014,3.5,20,140,64,1102.90678239082
"i7-6800K","Desktop",6,NA,2016,3.6,15,140,128,958.185975481581
"i7-6850K","Desktop",6,NA,2016,3.8,15,140,128,1012.92133586368
"i7-6900K","Desktop",8,NA,2016,3.7,20,140,128,1344.66410037921
"i7-6950X","Desktop",10,NA,2016,3.5,25,140,128,1616.15664106673
"i5-7640X","Desktop",4,NA,2017,4.2,6,112,64,575.414034852393
"i7-7740X","Desktop",4,NA,2017,4.5,8,112,64,660.998794431786
"i7-7800X","Desktop",6,NA,2017,4,8.25,140,128,927.462130838497
"i9-7900X","Desktop",10,NA,2017,4.3,13.75,140,128,1734.48769796775
"i7-7820X","Desktop",8,NA,2017,4.3,11,140,128,1363.02923071796
"i9-7920X","Desktop",12,NA,2017,4.3,16.5,140,128,2111.97910500686
"i9-7940X","Desktop",14,NA,2017,4.3,19.25,165,128,2438.22431534639
"i9-7960X","Desktop",16,NA,2017,4.2,22,165,128,2749.20488278027
"i9-7980XE","Desktop",18,NA,2017,4.2,24.75,165,128,3122.14839522374
"i7-7567U","Mobile",2,NA,2017,4,4,28,32,291.707636311905
"i7-7700T","Desktop",4,NA,2017,3.8,8,35,64,653.111246749431
"i7-7700K","Desktop",4,NA,2017,4.5,8,91,64,680.358905820143
"i7-7700","Desktop",4,NA,2017,4.2,8,65,64,664.15348437871
"","Server",1,NA,NA,1.66,6,122,699.137906976744,110.554094358708
"","Server",1,NA,NA,1.6,6,122,699.137906976744,106.450493046309
"","Server",1,NA,NA,0.9,1.5,90,699.137906976744,44.3545515606543
"9010","Server",2,NA,NA,1.6,6,104,699.137906976744,195.429175918867
"9152M","Server",2,NA,2007,1.66,24,104,699.137906976744,281.355353736395
"9015","Server",2,NA,2007,1.4,12,104,699.137906976744,200.596917055372
"9020","Server",2,NA,NA,1.42,12,104,699.137906976744,203.541856209084
"9030","Server",2,NA,NA,1.6,8,104,699.137906976744,209.133485486889
"9040","Server",2,NA,NA,1.6,18,104,699.137906976744,253.159281619647
"9050","Server",2,NA,NA,1.6,24,104,699.137906976744,270.911867174089
"","Server",1,NA,NA,1,3,100,699.137906976744,57.3468809603588
"","Server",1,NA,NA,1.3,3,97,699.137906976744,75.408672395198
"","Server",1,NA,NA,1.4,4,91,699.137906976744,87.8576071139523
"","Server",1,NA,NA,1.5,4,107,699.137906976744,92.2116077126447
"","Server",1,NA,NA,1.5,6,107,699.137906976744,101.454364196484
"","Server",1,NA,NA,1.6,9,122,699.137906976744,117.120472772481
"","Server",1,NA,NA,1.66,9,122,699.137906976744,121.635395268602
"D2700","Desktop",2,NA,2011,2.13,1,10,4,83.2236220596554
"S1260","Server",2,NA,2012,2,1,8.5,8,91.883504792432
"E3930","Embedded",2,NA,2016,1.3,2,6.5,8,72.132437665916
"E3940","Embedded",4,NA,2016,1.6,2,9.5,8,152.080271512861
"E3950","Embedded",4,NA,2016,1.6,2,12,8,147.220081893261
"Z500","Mobile",1,NA,2008,0.8,512,0.65,22.4466183574879,153.065987506613
"Z600","Mobile",1,NA,2010,1.2,512,1.3,1,111.920196387035
"E645C","Embedded",1,NA,2010,1,512,7,2.93,91.3978921533695
"Z515","Mobile",1,NA,2009,1.2,512,1.4,22.4466183574879,208.678737283153
"E645CT","Embedded",1,NA,2010,1,512,7,2.93,91.3978921533695
"Z520","Mobile",1,NA,2008,1.33,512,2,22.4466183574879,220.718639198078
"Z615","Mobile",1,NA,2010,1.6,512,2.2,2,160.987021605884
"E665C","Embedded",1,NA,2010,1.3,512,7,2.93,119.676402336195
"Z625","Mobile",1,NA,2010,1.9,512,2.2,2,192.07639413177
"Z650","Mobile",1,NA,2011,1.2,512,3,2.93,124.008724843619
"E665CT","Embedded",1,NA,2010,1.3,512,7,2.93,119.676402336195
"Z540","Mobile",1,NA,2008,1.86,512,2.4,22.4466183574879,303.732742099196
"Z670","Mobile",1,NA,2011,1.5,512,3,2.93,155.963687887776
"N550","Mobile",2,NA,2010,1.5,1,8.5,2,51.5597378653227
"N470","Mobile",1,NA,2010,1.83,512,6.5,2,158.968362474875
"Z550","Mobile",1,NA,2009,2,512,2.4,22.4466183574879,327.245852193973
"330","Desktop",2,NA,2008,1.6,1,8,39.4661935483871,101.958536510064
"N570","Mobile",2,NA,2011,1.66,1,8.5,2,57.2184743348537
"Z560","Mobile",1,NA,2010,2.13,512,2.5,22.4466183574879,347.144224908923
"N475","Mobile",1,NA,2010,1.83,512,6.5,2,158.968362474875
"N280","Mobile",1,NA,2009,1.66,512,2.5,22.4466183574879,268.698468168538
"3120A","Server",57,NA,2013,1.1,28.5,300,6,1064.48344366329
"3120P","Server",57,NA,2013,1.1,28.5,300,6,1064.48344366329
"E3-1290","Server",4,NA,2011,4,8,95,32,520.361127745057
"E5603","Server",4,NA,2011,1.6,4,80,288,276.148494809335
"E3-1220 v3","Server",4,NA,2013,3.5,8,80,32,464.618845263081
"E3-1220V5","Server",4,NA,2015,3.5,8,80,64,535.026644362171
"E3-1220V6","Server",4,NA,2017,3.5,8,72,64,542.921637550312
"E5-2690","Server",8,NA,2012,3.8,20,135,384,1737.1363235632
"E5-2697V2","Server",12,NA,2013,3.5,30,130,768,2863.38265526799
"E5-2695V2","Server",12,NA,2013,3.2,30,115,768,2656.41184877745
"E5-1620V4","Server",4,NA,2016,3.8,10,140,1576.96,1089.93182225901
"E5-1650V4","Server",6,NA,2016,4,15,140,1576.96,1780.21274514706
"E5-2609V4","Server",8,NA,2016,1.7,20,85,1576.96,1080.74561726215
"E5-2620V4","Server",8,NA,2016,3,20,85,1576.96,1937.17864663501
"E5-2630V4","Server",10,NA,2016,3.1,25,85,1576.96,2549.57165779387
"E5-2650V4","Server",12,NA,2016,2.9,30,105,1576.96,2814.92975660414
"E5-2680V4","Server",14,NA,2016,3.3,35,120,1576.96,3727.06147087513
"E5-2687WV4","Server",12,NA,2016,3.5,30,160,1576.96,3220.67712682187
"E5-2690V4","Server",14,NA,2016,3.5,35,135,1576.96,3895.02796443126
"E5-2695V4","Server",18,NA,2016,3.3,45,120,1576.96,4889.29489238478
"E5-2603V3","Server",6,NA,2014,1.6,15,85,768,642.877620991776
"E5-2620V3","Server",6,NA,2014,3.2,15,85,768,1310.46333219498
"E5-2630V3","Server",8,NA,2014,3.2,20,85,768,1787.98094695536
"E5-2640V3","Server",8,NA,2014,3.4,20,90,768,1887.83302382219
"E5-2650V3","Server",10,NA,2014,3,25,105,768,2067.6238568778
"E5-2660V3","Server",10,NA,2014,3.3,25,105,768,2280.34680918393
"E5-2670V3","Server",12,NA,2014,3.1,30,120,768,2555.98738619805
"E5-2680V3","Server",12,NA,2014,3.3,30,120,768,2725.56522047343
"E5-2687WV3","Server",10,NA,2014,3.5,25,160,768,2284.67058408628
"E5-2690V3","Server",12,NA,2014,3.5,30,135,768,2848.39754739343
"E5-2695V3","Server",14,NA,2014,3.3,35,120,768,3219.29926205687
"E5-1650V3","Server",6,NA,2014,3.8,15,140,768,1458.74229329879
"E5-2697V3","Server",14,NA,2014,3.6,35,145,768,3428.949267172
"E5-2698V3","Server",16,NA,2014,3.6,40,135,768,4000.45180250079
"E5-1620V3","Server",4,NA,2014,3.6,10,140,768,890.570321295588
"E5-2699V3","Server",18,NA,2014,3.6,45,145,768,4498.22045309438
"E5-2690V2","Server",10,NA,2013,3.6,25,130,768,2420.64678524707
"E5-2680V2","Server",10,NA,2013,3.6,25,115,768,2462.26184199933
"E5-2687WV2","Server",8,NA,2013,4,25,150,256,1751.23944290108
"E5-2670V2","Server",10,NA,2013,3.3,25,115,768,2251.68670791439
"E5-2660V2","Server",10,NA,2013,3,25,95,768,2096.59546522822
"E5-2650V2","Server",8,NA,2013,3.4,20,95,768,1873.69528180598
"E5-2640V2","Server",8,NA,2013,2.5,20,95,768,1366.13289688352
"E5-2630V2","Server",6,NA,2013,3.1,15,80,768,1279.14125396181
"E5-2620V2","Server",6,NA,2013,2.6,15,80,768,1067.65874893418
"E5-1660V2","Server",6,NA,2013,4,15,130,256,1242.27322272261
"E5-2609V2","Server",4,NA,2013,2.5,10,80,768,661.830724308728
"E5-2687W","Server",8,NA,2012,3.8,20,150,256,1576.25502739596
"E5-2680","Server",8,NA,2012,3.5,20,130,384,1604.78314002945
"E5-2670","Server",8,NA,2012,3.3,20,115,384,1536.60881555324
"E5-2665","Server",8,NA,2012,3.1,20,115,384,1441.00486775091
"E5-2660","Server",8,NA,2012,3,20,95,384,1430.77056998869
"E5-2650","Server",8,NA,2012,2.8,20,95,384,1332.85822529734
"E5-2470","Server",8,NA,2012,3.1,20,95,384,1479.79478859865
"E5-2640","Server",6,NA,2012,3,15,95,384,1048.65343892319
"E5-2450","Server",8,NA,2012,2.9,20,95,384,1381.79121409408
" E5-4650L","Server",8,NA,2012,3.1,20,115,384,1441.00486775091
"E5-4650","Server",8,NA,2012,3.3,20,130,384,1510.63835945692
"E5-2440","Server",6,NA,2012,2.9,15,95,384,1012.75504188283
"E5-2630","Server",6,NA,2012,2.8,15,95,384,976.890628639479
"E5-1660","Server",6,NA,2012,3.9,15,130,256,1210.37458531326
"E5-2430","Server",6,NA,2012,2.7,15,95,384,941.061379485113
"E5-4640","Server",8,NA,2012,2.8,20,95,384,1332.85822529734
"E5-4620","Server",8,NA,2012,2.6,16,95,384,1171.88374768455
"E5-2620","Server",6,NA,2012,2.5,15,95,384,869.513535685659
"E5-2420","Server",6,NA,2012,2.4,15,95,384,833.797773859471
"E5-2609","Server",4,NA,2012,2.4,10,80,384,551.128309208011
"E5-4610","Server",6,NA,2012,2.9,15,95,384,1012.75504188283
"E5-2407","Server",4,NA,2012,2.2,10,80,384,503.995256325524
"E5-4607","Server",6,NA,2012,2.2,12,95,384,723.441704028727
"E5-2403","Server",4,NA,2012,1.8,10,80,384,410.093651696432
"E5-4603","Server",4,NA,2012,2,10,95,384,446.190834908896
"E5-2603","Server",4,NA,2012,1.8,10,80,384,410.093651696432
"E3-1225V6","Server",4,NA,2017,3.7,8,73,64,573.720956292092
"E3-1230V6","Server",4,NA,2017,3.9,8,72,64,606.770255831232
"E3-1240V6","Server",4,NA,2017,4.1,8,72,64,638.763312301818
"E3-1245V6","Server",4,NA,2017,4.1,8,73,64,637.539524292984
"E3-1270V6","Server",4,NA,2017,4.2,8,72,64,654.7760545602
"E3-1501LV6","Embedded",4,NA,2017,2.9,6,25,64,484.462640717101
"E3-1501MV6","Embedded",4,NA,2017,3.6,6,45,64,557.509846009512
"E3-1225V5","Server",4,NA,2015,3.7,8,80,64,566.463359877608
"E3-1230V5","Server",4,NA,2015,3.8,8,80,64,582.199389569233
"E3-1240V5","Server",4,NA,2015,3.9,8,80,64,597.946796412358
"E3-1245V5","Server",4,NA,2015,3.9,8,80,64,597.946796412358
"E3-1270V5","Server",4,NA,2015,4,8,80,64,613.705296533134
"E3-1275V5","Server",4,NA,2015,4,8,80,64,613.705296533134
"E3-1220LV3","Server",2,NA,2013,1.5,4,13,32,118.470153050141
"E3-1226V3","Server",4,NA,2014,3.7,8,84,32,488.593011904476
"E3-1225V3","Server",4,NA,2013,3.6,8,84,32,475.030247219353
"E3-1230 v3","Server",4,NA,2013,3.7,8,80,32,491.918589332947
"E3-1231V3","Server",4,NA,2014,3.8,8,80,32,505.583807731676
"E3-1240 v3","Server",4,NA,2013,3.8,8,80,32,505.583807731676
"E3-1241V3","Server",4,NA,2014,3.9,8,80,32,519.258906085072
"E3-1245 v3","Server",4,NA,2013,3.8,8,84,32,502.165847655248
"E3-1246V3","Server",4,NA,2014,3.9,8,84,32,515.748496568021
"E3-1275 v3","Server",4,NA,2013,3.9,8,84,32,515.748496568021
"E3-1271V3","Server",4,NA,2014,4,8,80,32,532.943637876181
"E3-1270 v3","Server",4,NA,2013,3.9,8,80,32,519.258906085072
"E3-1276V3","Server",4,NA,2014,4,8,84,32,529.340713792398
"E3-1285Lv3","Server",4,NA,2013,3.9,8,65,32,534.467572645266
"E3-1220V2","Server",4,NA,2012,3.5,8,69,32.77,476.574088671902
"E3-1225V2","Server",4,NA,2012,3.6,8,77,32.77,483.14462989221
"E3-1230V2","Server",4,NA,2012,3.7,8,69,32.77,504.576290441625
"E3-1240V2","Server",4,NA,2012,3.8,8,69,32.77,518.593132572058
"E3-1245V2","Server",4,NA,2012,3.8,8,77,32.77,510.743755855761
"E3-1265LV2","Server",4,NA,2012,3.5,8,45,32.77,505.754537174336
"E3-1270V2","Server",4,NA,2012,3.9,8,69,32.77,532.620108881163
"E3-1275V2","Server",4,NA,2012,3.9,8,77,32.77,524.558421175141
"E3-1290V2","Server",4,NA,2012,4.1,8,87,32.77,542.921324911134
"E3-1220","Server",4,NA,2011,3.4,8,80,32,450.98488280067
"E3-1225","Server",4,NA,2011,3.4,6,95,32,411.482503658325
"E3-1240","Server",4,NA,2011,3.7,8,80,32,491.918589332947
"E3-1245","Server",4,NA,2011,3.7,8,95,32,480.304658338975
"E3-1275","Server",4,NA,2011,3.8,8,95,32,493.647248345646
"E3-1270","Server",4,NA,2011,3.8,8,80,32,505.583807731676
"E3-1280","Server",4,NA,2011,3.9,8,95,32,506.999485046614
"E5606","Server",4,NA,2011,2.13,8,80,288,436.248456035257
"","Server",1,NA,2003,2.4,512,40,699.137906976744,537.474224634563
"","Server",1,NA,2004,2.8,1,55,699.137906976744,138.56086011642
"E5607","Server",4,NA,2011,2.26,8,80,288,463.627594747666
"","Server",1,NA,2002,1.6,512,30,699.137906976744,368.808727237412
"E5620","Server",4,NA,2010,2.66,12,80,288,603.074705210803
"","Server",1,NA,NA,3,512,85,699.137906976744,608.717293109216
"E5630","Server",4,NA,2010,2.8,12,80,288,635.710286585617
"","Server",1,NA,NA,3.8,2,110,699.137906976744,202.756494645038
"E5640","Server",4,NA,2010,2.93,12,80,288,666.054967998247
"","Server",1,NA,NA,2.8,512,74,699.137906976744,578.09275294439
"","Server",1,NA,NA,3.8,2,110,699.137906976744,202.756494645038
"E5645","Server",6,NA,2010,2.67,12,80,288,852.59895713384
"E5649","Server",6,NA,2011,2.93,12,80,288,938.014129042166
"","Server",1,NA,NA,3.6,2,110,699.137906976744,191.800115890568
"","Server",1,NA,NA,3.6,2,110,699.137906976744,191.800115890568
"","Server",1,NA,NA,2.6,512,60,699.137906976744,551.559143488641
"E5502","Server",2,NA,2009,1.86,4,80,144,155.90127224103
"","Server",1,NA,NA,3.6,1,103,699.137906976744,164.399186398204
"L5630","Server",4,NA,2010,2.4,12,40,288,597.48461500508
"E5503","Server",2,NA,2010,2,4,80,144,167.970184379986
"","Server",1,NA,NA,2.4,512,65,699.137906976744,502.391575751913
"","Server",1,NA,NA,3.4,2,110,699.137906976744,180.860448013193
"","Server",1,NA,NA,3.4,2,110,699.137906976744,180.860448013193
"","Server",1,NA,NA,2.2,512,61,699.137906976744,463.501410940795
"E5506","Server",4,NA,2009,2.13,4,80,144,321.762923459407
"E5205","Server",2,NA,2007,1.86,6,65,699.137906976744,243.532684032425
"","Server",1,NA,NA,3.4,1,103,699.137906976744,155.022380288592
"L5640","Server",6,NA,2010,2.8,12,60,288,931.813476030449
"E5507","Server",4,NA,2010,2.26,4,80,144,341.956901436933
"E5440","Server",4,NA,2008,2.83,12,80,699.137906976744,769.876749409088
"","Server",2,NA,2006,1.66,2,15,699.137906976744,205.083005925807
"","Server",1,NA,NA,2,512,58,699.137906976744,423.220545118127
"","Server",1,NA,NA,3.2,2,110,699.137906976744,169.93844731259
"E5520","Server",4,NA,2009,2.53,8,80,144,452.114762595313
"","Server",2,NA,2006,2.16,2,31,699.137906976744,242.986869634243
"","Server",1,NA,NA,3.2,2,110,699.137906976744,169.93844731259
"X5650","Server",6,NA,2010,3.06,12,95,288,957.644886002647
"E5530","Server",4,NA,2009,2.66,8,80,144,476.000473098082
"E5462","Server",4,NA,2007,2.8,12,80,699.137906976744,761.492621164195
"","Server",1,NA,2004,3.2,1,103,699.137906976744,145.660717389263
"","Server",1,NA,NA,3.2,2,92,699.137906976744,174.213248151164
"","Server",1,NA,NA,2,256,77.5,699.137906976744,345.260581055804
"","Server",2,NA,2006,2,2,31,699.137906976744,224.512849795685
"5110","Server",2,NA,NA,1.6,4,65,699.137906976744,189.619676482228
"X5660","Server",6,NA,2010,3.2,12,95,288,1002.68974251141
"E5472","Server",4,NA,2007,3,12,80,699.137906976744,817.432200174345
"","Server",1,NA,NA,3.2,1,92,699.137906976744,147.965976192645
"5120","Server",2,NA,NA,1.86,4,65,699.137906976744,221.346223033979
"L5506","Server",4,NA,2009,2.13,4,60,144,334.893284709864
"L5215","Server",2,NA,2008,1.86,6,20,699.137906976744,286.89649912607
"E5310","Server",4,NA,2006,1.6,8,80,699.137906976744,389.465018105817
"","Server",1,NA,NA,3.06,512,85,699.137906976744,621.229371030307
"","Server",2,NA,2006,1.66,2,31,699.137906976744,185.394609426987
"5130","Server",2,NA,2006,2,4,65,699.137906976744,238.481478440725
"","Server",2,NA,NA,2.8,4,135,699.137906976744,304.413577533336
"","Server",1,NA,NA,3,2,110,699.137906976744,159.035188101969
"X5670","Server",6,NA,2010,3.33,12,95,288,1044.56565922753
"X3320","Server",4,NA,2008,2.5,6,95,699.137906976744,562.082873601232
"L5410","Server",4,NA,2008,2.33,12,50,699.137906976744,673.056135083005
"E5320","Server",4,NA,2006,1.86,8,80,699.137906976744,454.629036188985
"7110M","Server",2,NA,NA,2.6,4,95,699.137906976744,296.219168158208
"","Server",1,NA,NA,3.06,1,87,699.137906976744,142.420952375362
"","Server",1,NA,NA,1.8,512,55,699.137906976744,382.612817698063
"3040","Server",2,NA,NA,1.86,2,65,699.137906976744,187.997814835295
"","Server",1,NA,NA,3,1,103,699.137906976744,136.315118534998
"X5672","Server",4,NA,2011,3.6,12,95,288,803.571422338092
"E7520","Server",4,NA,2010,1.87,18,95,699.137906976744,540.310767619799
"E5335","Server",4,NA,2007,2,8,80,699.137906976744,489.823603973524
"","Server",1,NA,NA,3,2,55,699.137906976744,175.124104270909
"","Server",1,NA,NA,0.7,2,29.6,699.137906976744,42.7933354986537
"7110N","Server",2,NA,NA,2.5,4,95,699.137906976744,284.519519789506
"","Server",1,NA,NA,1.7,256,65.8,699.137906976744,298.888693806279
"5150","Server",2,NA,NA,2.66,4,65,699.137906976744,319.674047774429
"3050","Server",2,NA,NA,2.13,2,65,699.137906976744,216.090659525054
"X5675","Server",6,NA,2011,3.46,12,95,288,1086.48650432184
"E7530","Server",6,NA,2010,2.13,12,105,699.137906976744,779.660025153606
"L5520","Server",4,NA,2009,2.48,8,60,144,461.012003107426
"E7430","Server",4,NA,2008,2.13,12,90,699.137906976744,565.605576655054
"L5240","Server",2,NA,2008,3,6,40,699.137906976744,425.776787450952
"E7310","Server",4,NA,2007,1.6,4,80,699.137906976744,330.787538884014
"E5345","Server",4,NA,2007,2.33,8,80,699.137906976744,573.042730767232
"","Server",1,NA,NA,0.7,1,29.6,699.137906976744,36.3460169005258
"","Server",1,NA,NA,3,1,103,699.137906976744,136.315118534998
"","Server",1,NA,NA,0.933,256,29.6,699.137906976744,180.310749918168
"5160","Server",2,NA,NA,3,4,80,699.137906976744,351.434295844025
"5030","Server",2,NA,NA,2.66,4,95,699.137906976744,303.244922422961
"3060","Server",2,NA,NA,2.4,4,65,699.137906976744,287.614179909399
"E7540","Server",6,NA,2010,2.27,18,105,699.137906976744,915.789907923532
"X3430","Server",4,NA,2009,2.8,8,95,32,360.702482339129
"L5530","Server",4,NA,2009,2.66,8,60,144,495.424893102629
"E7320","Server",4,NA,2007,2.13,4,80,699.137906976744,443.834491154776
"3065","Server",2,NA,2007,2.33,4,65,699.137906976744,278.998554856222
"5113","Server",2,NA,NA,1.6,4,40,699.137906976744,202.861061991751
"L5310","Server",4,NA,2007,1.6,8,50,699.137906976744,415.764682795369
"","Server",1,NA,NA,0.866,256,27.4,699.137906976744,168.823309650935
"","Server",1,NA,NA,0.55,512,34,699.137906976744,120.990492308509
"","Server",1,NA,NA,1.6,1,72,699.137906976744,75.1045000505764
"","Server",1,NA,2003,2.8,512,74,699.137906976744,578.09275294439
"7120N","Server",2,NA,NA,3,4,95,699.137906976744,343.13712279679
"5040","Server",2,NA,NA,2.83,4,95,699.137906976744,323.174561320236
"","Server",1,NA,NA,3.66,1,110,699.137906976744,165.693421571835
"","Server",1,NA,NA,2.8,2,110,699.137906976744,148.151886137199
"","Server",1,NA,NA,0.45,512,34.5,699.137906976744,98.2485966943244
"L7545","Server",6,NA,2010,2.53,18,95,699.137906976744,1038.07059484066
"W5580","Server",4,NA,2009,3.46,8,130,144,582.938100666859
"L5318","Server",4,NA,2007,1.6,8,40,699.137906976744,428.86554387513
"E7330","Server",4,NA,2007,2.4,6,80,699.137906976744,552.02808420566
"","Server",1,NA,NA,0.8,256,25.4,699.137906976744,157.266262518164
"","Server",1,NA,NA,0.55,2,39.5,699.137906976744,32.0880436762378
"","Server",1,NA,NA,1.5,512,68,699.137906976744,308.029729331883
"3070","Server",2,NA,NA,2.66,4,65,699.137906976744,319.674047774429
"","Server",1,NA,NA,3.33,8,129,699.137906976744,240.037375297113
"","Server",1,NA,NA,2.8,1,103,699.137906976744,126.986625796468
"","Server",1,NA,NA,0.45,2,46.7,699.137906976744,25.5087680771313
"X5680","Server",6,NA,2010,3.6,12,130,288,1083.39027767479
"X3450","Server",4,NA,2009,3.2,8,95,32,413.745794189506
"L7555","Server",8,NA,2010,2.53,24,95,699.137906976744,1416.33146046208
"W5590","Server",4,NA,2009,3.6,8,130,144,607.186206316392
"X5260","Server",2,NA,2007,3.33,6,80,699.137906976744,430.424388994308
"","Server",1,NA,NA,2.8,2,110,699.137906976744,148.151886137199
"5128","Server",2,NA,2006,1.86,4,40,699.137906976744,236.803114030966
"L5320","Server",4,NA,2007,1.86,8,50,699.137906976744,485.329075098914
"","Server",1,NA,NA,0.733,256,23.3,699.137906976744,145.484599065509
"","Server",1,NA,NA,0.55,1,34,699.137906976744,27.8277064993761
"7130N","Server",2,NA,NA,3.16,8,150,699.137906976744,399.93843474061
"","Server",1,NA,NA,2.66,512,72,699.137906976744,550.508169314552
"","Server",1,NA,NA,1.5,256,59.2,699.137906976744,266.711196069514
"5060","Server",2,NA,NA,3.2,4,130,699.137906976744,351.016286033944
"","Server",1,NA,NA,3.16,1,110,699.137906976744,142.481808677966
"","Server",1,NA,NA,3.5,1,110,699.137906976744,158.255613772641
"","Server",1,NA,NA,0.45,2,46.7,699.137906976744,25.5087680771313
"X7542","Server",6,NA,2010,2.8,18,130,699.137906976744,1102.89674138359
"E6510","Server",4,NA,2010,1.73,12,105,699.137906976744,447.086766649363
"X3460","Server",4,NA,2009,3.46,8,95,32,448.323347240886
"X5550","Server",4,NA,2009,3.06,8,95,144,536.712187022953
"L7445","Server",4,NA,2008,2.13,12,50,699.137906976744,613.768566844092
"X5270","Server",2,NA,2008,3.5,6,80,699.137906976744,453.016992863735
"W-2195","Server",18,NA,2017,4.3,24.75,140,512,4339.4155754467
"X5472","Server",4,NA,2007,3,12,120,699.137906976744,772.626289236168
"E7340","Server",4,NA,2007,2.4,8,80,699.137906976744,590.738597723545
"L5335","Server",4,NA,2007,2,8,50,699.137906976744,522.900249994738
"5133","Server",2,NA,NA,2.2,4,40,699.137906976744,281.383946520509
"X3210","Server",4,NA,2007,2.13,8,105,699.137906976744,503.177044596383
"","Server",1,NA,NA,0.667,256,21.3,699.137906976744,133.700343869104
"","Server",1,NA,NA,0.5,512,36,699.137906976744,108.835508862574
"7140M","Server",2,NA,NA,3.4,16,150,699.137906976744,507.665119891675
"","Server",1,NA,2002,2.4,512,65,699.137906976744,502.391575751913
"","Server",1,NA,NA,3,8,129,699.137906976744,215.631040441581
"","Server",1,NA,NA,2.8,1,103,699.137906976744,126.986625796468
"W3690","Server",6,NA,2011,3.73,12,130,24,677.536806128549
"X5690","Server",6,NA,2011,3.73,12,130,288,1123.60674463103
"","Server",1,NA,NA,0.4,512,30.8,699.137906976744,88.4339453964612
"X7550","Server",8,NA,2010,2.4,18,130,699.137906976744,1200.1996051002
"E6540","Server",6,NA,2010,2.27,18,105,699.137906976744,915.789907923532
"X5560","Server",4,NA,2009,3.2,8,95,144,561.957582058547
"L7455","Server",6,NA,2008,2.13,12,65,699.137906976744,833.416736538932
"L3014","Embedded",1,NA,2008,2.4,3,30,186.197125,127.319061208415
"E3120","Server",2,NA,2008,3.16,6,65,699.137906976744,419.80943449563
"X5272","Server",2,NA,2007,3.4,6,80,699.137906976744,439.723479829323
"X5482","Server",4,NA,2007,3.2,12,150,699.137906976744,800.3765212556
"L7345","Server",4,NA,2007,1.86,8,50,699.137906976744,485.329075098914
"E7210","Server",2,NA,2007,2.4,8,80,699.137906976744,328.997199792174
"X5355","Server",4,NA,2006,2.66,8,120,699.137906976744,620.597717699848
"X3220","Server",4,NA,2007,2.4,8,105,699.137906976744,568.821239445624
"","Server",1,NA,NA,0.6,256,19.2,699.137906976744,121.664186394161
"","Server",1,NA,NA,0.5,2,36.2,699.137906976744,29.4497475997349
"","Server",1,NA,NA,1.4,512,64,699.137906976744,289.3790911416
"7140N","Server",2,NA,NA,3.33,16,150,699.137906976744,496.929227267807
"","Server",1,NA,NA,2.4,1,77,699.137906976744,112.859711307792
"5070","Server",2,NA,NA,3.46,4,130,699.137906976744,380.351410215721
"","Server",1,NA,NA,0.4,512,18.6,699.137906976744,94.8576117686099
"X7560","Server",8,NA,2010,2.67,24,130,699.137906976744,1433.04265218838
"X6550","Server",8,NA,2010,2.4,18,130,699.137906976744,1200.1996051002
"X5570","Server",4,NA,2009,3.33,8,95,144,585.42694442116
"X5492","Server",4,NA,2008,3.4,12,150,699.137906976744,851.816987283988
"X3230","Server",4,NA,2007,2.66,8,95,699.137906976744,641.085565191326
"X7350","Server",4,NA,2007,2.93,8,130,699.137906976744,677.822685059144
"E7220","Server",2,NA,2007,2.93,8,80,699.137906976744,403.857587605799
"X5365","Server",4,NA,2007,3,8,150,699.137906976744,680.786259651911
"7150N","Server",2,NA,NA,3.5,16,150,699.137906976744,523.012612572794
"","Server",1,NA,NA,0.5,1,44,699.137906976744,24.3433391024745
"","Server",1,NA,NA,1,256,30.8,699.137906976744,192.560633660758
"","Server",1,NA,2002,2,512,58,699.137906976744,423.220545118127
"","Server",1,NA,NA,1.4,256,56,699.137906976744,250.386293081427
"5148","Server",2,NA,2006,2.33,4,40,699.137906976744,298.481382218799
"","Server",1,NA,NA,2.83,4,129,699.137906976744,172.489008816768
"5110P","Server",60,NA,2012,1.05,30,225,8,1183.70457013991
"5120D","Server",60,NA,2013,1.05,30,245,8,1169.77258180327
"7120X","Server",61,NA,2013,1.33,30.5,300,16,1699.75423769903
"7120P","Server",61,NA,2013,1.33,30.5,300,16,1699.75423769903
"7120D","Server",61,NA,2014,1.33,30.5,270,16,1724.8362560799
"7120A","Server",61,NA,2014,1.33,30.5,300,16,1699.75423769903
"E7-2850V2","Server",12,NA,2014,2.8,24,105,1576.96,2576.19167035014
"3104","Server",6,NA,2017,1.7,8.25,85,768,594.309408443211
"365","Desktop",1,NA,2007,3.6,512,65,39.4661935483871,424.476652696462
"i7-2960XM","Mobile",4,NA,2011,3.7,8,55,32,518.223950818701
"i5-4670","Desktop",4,NA,2013,3.8,6,84,32,469.259418468483
"5Y10","Mobile",2,NA,2014,2,4,4.5,16,160.234565370254
"5Y10a","Mobile",2,NA,2014,2,4,4.5,16,160.234565370254
"i5-5675C","Desktop",4,NA,2015,3.6,4,65,32,418.10497917225
"5Y70","Mobile",2,NA,2014,2.6,4,4.5,16,209.811144016727
"i7-4610M","Mobile",2,NA,2014,3.7,4,37,32,259.018536483177
"i7-4790S","Desktop",4,NA,2014,4,8,65,32,548.553118982525
"i7-4790","Desktop",4,NA,2014,4,8,84,32,529.340713792398
"i7-4771","Desktop",4,NA,2013,3.9,8,84,32,515.748496568021
"i7-4770S","Desktop",4,NA,2013,3.9,8,65,32,534.467572645266
"i7-4770","Desktop",4,NA,2013,3.9,8,84,32,515.748496568021
"i7-4770K","Desktop",4,NA,2013,3.9,8,84,32,515.748496568021
"i7-4790K","Desktop",4,NA,2014,4.4,8,88,32,580.037077919385
"i7-4702HQ","Mobile",4,NA,2013,3.2,6,37,32,440.794253641176
"i7-4910MQ","Mobile",4,NA,2014,3.9,8,47,32,559.112463256695
"i5-4360U","Mobile",2,NA,2014,3,3,15,16,192.110996271063
"i5-4310M","Mobile",2,NA,2014,3.4,3,37,32,221.904147785285
"i5-4302Y","Mobile",2,NA,2013,2.3,3,11.5,16,151.716680200977
"i5-4300M","Mobile",2,NA,2013,3.3,3,37,32,215.201063027585
"i5-4430","Desktop",4,NA,2013,3.2,6,84,32,393.305364155912
"i5-4440","Desktop",4,NA,2013,3.3,6,84,32,405.939038098618
"i5-4440S","Desktop",4,NA,2013,3.3,6,65,32,420.672583203368
"i5-4460","Desktop",4,NA,2014,3.4,6,84,32,418.583231117709
"i5-4590S","Desktop",4,NA,2014,3.7,6,65,32,473.147409164102
"i5-4590","Desktop",4,NA,2014,3.7,6,84,32,456.575997162325
"i5-4570T","Desktop",2,NA,2013,3.6,4,35,32,253.781642264654
"i5-4570S","Desktop",4,NA,2013,3.6,6,65,32,460.013396160406
"i5-4570","Desktop",4,NA,2013,3.6,6,84,32,443.901986974888
"i5-4690S","Desktop",4,NA,2014,3.9,6,65,32,499.444443505772
"i5-4690K","Desktop",4,NA,2014,3.9,6,88,32,478.844921140275
"i5-4690","Desktop",4,NA,2014,3.9,6,84,32,481.952009889884
"i5-4670K","Desktop",4,NA,2013,3.8,6,84,32,469.259418468483
"SU3500","Mobile",1,NA,2009,1.3,3,5.5,22.4466183574879,55.8094960120675
"T1250","Mobile",1,NA,NA,1.73,2,31,22.4466183574879,53.4959683321996
"T1300","Mobile",1,NA,NA,1.66,2,27,22.4466183574879,52.2675393454615
"T1350","Mobile",1,NA,NA,1.86,2,31,22.4466183574879,57.6304490506315
"T1400","Mobile",1,NA,NA,1.83,2,27,22.4466183574879,57.7747181684023
"U1300","Mobile",1,NA,NA,1.06,2,6,22.4466183574879,40.6347505509025
"U1400","Mobile",1,NA,NA,1.2,2,6,22.4466183574879,46.1585808595183
"U1500","Mobile",1,NA,NA,1.33,2,5.5,22.4466183574879,51.9282086112524
"U2100","Mobile",1,NA,2007,1.06,1,5.5,22.4466183574879,34.9326948356778
"U2200","Mobile",1,NA,2007,1.2,1,5.5,22.4466183574879,39.6813957844684
"SU3500","Mobile",1,NA,2009,1.4,3,5.5,22.4466183574879,60.2249718976646
"SU3300","Mobile",1,NA,2008,1.2,3,5.5,22.4466183574879,51.4033465229954
"U2400","Mobile",2,NA,NA,1.06,2,9,22.4466183574879,68.9633713284132
"U2500","Mobile",2,NA,2006,1.2,2,9,22.4466183574879,78.3381541328756
"U7500","Mobile",2,NA,2006,1.06,2,10,22.4466183574879,67.960527991158
"U7500","Mobile",2,NA,2006,1.06,2,10,22.4466183574879,67.960527991158
"U7600","Mobile",2,NA,2007,1.2,2,10,22.4466183574879,77.198985695896
"U7600","Mobile",2,NA,NA,1.2,2,10,22.4466183574879,77.198985695896
"U7700","Mobile",2,NA,2008,1.33,2,10,22.4466183574879,85.8042265136621
"T2050","Mobile",2,NA,NA,1.6,2,31,22.4466183574879,88.6474883649101
"T2250","Mobile",2,NA,NA,1.73,2,31,22.4466183574879,96.0559340212915
"T2300","Mobile",2,NA,NA,1.66,2,31,22.4466183574879,92.0647947501125
"T2300E","Mobile",2,NA,NA,1.66,2,31,22.4466183574879,92.0647947501125
"T2350","Mobile",2,NA,NA,1.86,2,31,22.4466183574879,103.479697334366
"T2400","Mobile",2,NA,NA,1.83,2,31,22.4466183574879,101.76521865251
"T2450","Mobile",2,NA,NA,2,2,31,22.4466183574879,111.490455407997
"T2500","Mobile",2,NA,2006,2,2,31,22.4466183574879,111.490455407997
"T2600","Mobile",2,NA,NA,2.16,2,31,22.4466183574879,120.664437596062
"T5200","Mobile",2,NA,NA,1.6,2,34,22.4466183574879,87.5162844478881
"T2700","Mobile",2,NA,NA,2.33,2,31,22.4466183574879,130.432250514686
"T5250","Mobile",2,NA,NA,1.5,2,35,22.4466183574879,81.5718223783837
"T5270","Mobile",2,NA,NA,1.4,2,35,22.4466183574879,75.9895937825879
"T5300","Mobile",2,NA,NA,1.73,2,34,22.4466183574879,94.830193159116
"T5450","Mobile",2,NA,NA,1.66,2,35,22.4466183574879,90.5244172768367
"T5470","Mobile",2,NA,NA,1.6,2,35,22.4466183574879,87.1642873811853
"T5500","Mobile",2,NA,NA,1.66,2,34,22.4466183574879,90.8899836148838
"T5550","Mobile",2,NA,NA,1.83,2,35,22.4466183574879,100.062539025615
"T5600","Mobile",2,NA,NA,1.83,2,34,22.4466183574879,100.466623327593
"T5670","Mobile",2,NA,2008,1.8,2,35,22.4466183574879,98.3775048296062
"T5750","Mobile",2,NA,2008,2,2,35,22.4466183574879,109.625058472481
"T5800","Mobile",2,NA,2008,2,2,35,22.4466183574879,109.625058472481
"T5870","Mobile",2,NA,NA,2,2,35,22.4466183574879,109.625058472481
"T6400","Mobile",2,NA,2009,2,2,35,22.4466183574879,109.625058472481
"T6500","Mobile",2,NA,2009,2.1,2,35,22.4466183574879,115.260636991308
"T6600","Mobile",2,NA,2009,2.2,2,35,22.4466183574879,120.90359252858
"T6670","Mobile",2,NA,2009,2.2,2,35,22.4466183574879,120.90359252858
"T7100","Mobile",2,NA,2007,1.8,2,35,22.4466183574879,98.3775048296062
"T7200","Mobile",2,NA,NA,2,4,34,22.4466183574879,129.592372189291
"T7250","Mobile",2,NA,2007,2,2,35,22.4466183574879,109.625058472481
"T7300","Mobile",2,NA,2007,2,4,35,22.4466183574879,129.071141938652
"T7500","Mobile",2,NA,2006,2.2,4,35,22.4466183574879,142.350343704187
"T7600","Mobile",2,NA,2007,2.33,4,34,22.4466183574879,151.609612610601
"T7700","Mobile",2,NA,2007,2.4,4,35,22.4466183574879,155.662783044521
"T8100","Mobile",2,NA,2008,2.1,3,35,22.4466183574879,126.813694424193
"T8300","Mobile",2,NA,2008,2.4,3,35,22.4466183574879,145.462355494168
"T7800","Mobile",2,NA,2007,2.6,4,35,22.4466183574879,169.005756573926
"T9300","Mobile",2,NA,2008,2.5,6,35,22.4466183574879,178.601682606328
"T9400","Mobile",2,NA,2008,2.53,6,35,22.4466183574879,180.804119085451
"T9500","Mobile",2,NA,2008,2.6,6,35,22.4466183574879,185.945912928728
"T9550","Mobile",2,NA,2008,2.66,6,35,22.4466183574879,190.356195689614
"T9600","Mobile",2,NA,2008,2.8,6,35,22.4466183574879,200.657382360106
"T9800","Mobile",2,NA,2008,2.93,6,35,22.4466183574879,210.235462924938
"T9900","Mobile",2,NA,2009,3.06,6,35,22.4466183574879,219.82522435723
"SU9400","Mobile",2,NA,2008,1.4,3,10,22.4466183574879,99.5134873450339
"SU9600","Mobile",2,NA,2009,1.6,3,10,22.4466183574879,114.147500696786
"SP9400","Mobile",2,NA,2008,2.4,6,25,22.4466183574879,179.46772340378
"SP9600","Mobile",2,NA,2009,2.53,6,25,22.4466183574879,189.463145721494
"i3-4370","Desktop",2,NA,2014,3.8,4,54,32,252.582277925085
"i3-4360","Desktop",2,NA,2014,3.7,4,54,32,245.755334619719
"i3-4350","Desktop",2,NA,2014,3.6,4,54,32,238.933456917112
"i3-4340","Desktop",2,NA,2013,3.6,4,54,32,238.933456917112
"SL9600","Mobile",2,NA,2009,2.13,6,17,22.4466183574879,167.501204076643
"SL9300","Mobile",2,NA,2008,1.6,6,17,22.4466183574879,124.837776605559
"P7350","Mobile",2,NA,2008,2,3,25,22.4466183574879,126.389617911659
"P7370","Mobile",2,NA,2008,2,3,25,22.4466183574879,126.389617911659
"P7450","Mobile",2,NA,2009,2.13,3,25,22.4466183574879,134.837923241473
"P7550","Mobile",2,NA,2009,2.26,3,25,22.4466183574879,143.30040867391
"P7570","Mobile",2,NA,2009,2.26,3,25,22.4466183574879,143.30040867391
"P8400","Mobile",2,NA,2008,2.26,3,25,22.4466183574879,143.30040867391
"P8700","Mobile",2,NA,2008,2.53,3,25,22.4466183574879,160.918297584838
"P9600","Mobile",2,NA,2008,2.66,6,25,22.4466183574879,199.47268804139
"P9700","Mobile",2,NA,2009,2.8,6,28,22.4466183574879,206.980152426225
"L2500","Mobile",2,NA,NA,1.83,2,15,22.4466183574879,112.572404367415
"L2300","Mobile",2,NA,NA,1.5,2,15,22.4466183574879,91.7699696928109
"L2400","Mobile",2,NA,2006,1.66,2,15,22.4466183574879,101.841822184864
"L7200","Mobile",2,NA,2007,1.33,4,17,22.4466183574879,93.8400647928237
"L7300","Mobile",2,NA,2007,1.4,4,17,22.4466183574879,98.9182500396969
"L7400","Mobile",2,NA,2006,1.5,4,17,22.4466183574879,106.184827692389
"L7500","Mobile",2,NA,2006,1.6,4,17,22.4466183574879,113.464730425756
"L7700","Mobile",2,NA,2007,1.8,4,17,22.4466183574879,128.06135862311
"E4300","Desktop",2,NA,2006,1.8,2,65,39.4661935483871,101.252527551776
"i3-4330","Desktop",2,NA,2013,3.5,4,54,32,232.116781646919
"E4400","Desktop",2,NA,2007,2,2,65,39.4661935483871,112.82878410644
"E4500","Desktop",2,NA,2007,2.2,2,65,39.4661935483871,124.436926458055
"E4600","Desktop",2,NA,2007,2.4,2,65,39.4661935483871,136.074123756384
"E4700","Desktop",2,NA,2008,2.6,2,65,39.4661935483871,147.738012810706
"E6300","Desktop",2,NA,2006,1.86,2,65,39.4661935483871,104.721865088924
"E6400","Desktop",2,NA,2006,2.13,2,65,39.4661935483871,120.370637890579
"E6320","Desktop",2,NA,2007,1.86,4,65,39.4661935483871,123.298184751856
"E6420","Desktop",2,NA,2007,2.13,4,65,39.4661935483871,141.722849728934
"E6540","Desktop",2,NA,2007,2.33,4,65,39.4661935483871,155.412705446898
"E6550","Desktop",2,NA,2007,2.33,4,65,39.4661935483871,155.412705446898
"E6600","Desktop",2,NA,2006,2.4,4,65,39.4661935483871,160.211933168061
"E6700","Desktop",2,NA,2006,2.66,4,65,39.4661935483871,178.070487323447
"E6750","Desktop",2,NA,2007,2.66,4,65,39.4661935483871,178.070487323447
"E6850","Desktop",2,NA,2007,3,4,65,39.4661935483871,201.495854199217
"E7200","Desktop",2,NA,2008,2.53,3,65,39.4661935483871,158.051665240117
"E7400","Desktop",2,NA,2008,2.8,3,65,39.4661935483871,175.406586891689
"E8190","Desktop",2,NA,2008,2.66,6,65,39.4661935483871,195.919239688964
"E8200","Desktop",2,NA,2008,2.66,6,65,39.4661935483871,195.919239688964
"E8300","Desktop",2,NA,2008,2.83,6,65,39.4661935483871,208.795299307149
"E8400","Desktop",2,NA,2008,3,6,65,39.4661935483871,221.692629410752
"Q6600","Desktop",4,NA,2007,2.4,8,105,39.4661935483871,316.85485892018
"Q6700","Desktop",4,NA,2007,2.66,8,105,39.4661935483871,352.174135989806
"Q9100","Mobile",4,NA,2008,2.26,12,45,22.4466183574879,328.698894765977
"Q9400","Desktop",4,NA,2008,2.66,6,95,39.4661935483871,333.707825049238
"Q9450","Desktop",4,NA,2008,2.66,12,95,39.4661935483871,392.903325691556
"Q9500","Desktop",4,NA,NA,2.83,6,95,39.4661935483871,355.639524341305
"Q9505S","Desktop",4,NA,2009,2.83,6,65,39.4661935483871,374.907270949079
"i3-330UM","Mobile",2,NA,2010,1.2,3,18,8,63.4449581208147
"i3-350M","Mobile",2,NA,2010,2.26,3,35,8,110.846592468998
"i3-370M","Mobile",2,NA,2010,2.4,3,35,8,117.907642880492
"i3-380M","Mobile",2,NA,2010,2.53,3,35,8,124.474487674222
"i3-380UM","Mobile",2,NA,2010,1.33,3,18,8,70.5170606669977
"i3-540","Desktop",2,NA,2010,3.06,4,73,16.38,169.180729734431
"i5-430M","Mobile",2,NA,2010,2.53,3,35,8,124.474487674222
"i5-430UM","Mobile",2,NA,2010,1.73,3,18,8,92.38991172897
"i5-450M","Mobile",2,NA,2010,2.66,3,35,8,131.050609100782
"i5-460M","Mobile",2,NA,2010,2.8,3,35,8,138.142454904582
"i5-470UM","Mobile",2,NA,2010,1.86,3,18,8,99.5303434386832
"i5-520M","Mobile",2,NA,2010,2.93,3,35,8.3,145.825203227955
"i5-520UM","Mobile",2,NA,2010,1.87,3,18,8,100.080187940112
"i5-540UM","Mobile",2,NA,2010,2,3,18,8,107.235366963214
"i5-560M","Mobile",2,NA,2010,3.2,3,35,8,158.457073389495
"i5-560UM","Mobile",2,NA,2010,2.13,3,18,8,114.403338013599
"i5-580M","Mobile",2,NA,2010,3.33,3,35,8,165.074808594124
"i5-660","Desktop",2,NA,2010,3.6,4,73,16.38,199.926421043842
"i5-750","Desktop",4,NA,2009,3.2,8,95,16,359.298167959383
"i7-620LM","Mobile",2,NA,2010,2.8,4,25,8,154.909398571376
"i7-620UM","Mobile",2,NA,2010,2.13,4,18,8,122.425777612916
"i7-640LM","Mobile",2,NA,2010,2.93,4,25,8,162.303767431942
"i7-640M","Mobile",2,NA,2010,3.46,4,35,8,183.739939654019
"i7-640UM","Mobile",2,NA,2010,2.27,4,18,8,130.700821531113
"i7-660LM","Mobile",2,NA,2010,3.06,4,25,8,169.707154032757
"i7-660UM","Mobile",2,NA,2010,2.4,4,18,8,138.397375853528
"i7-680UM","Mobile",2,NA,2010,2.53,4,18,8,146.10539261043
"i7-870S","Desktop",4,NA,2010,3.6,8,82,16,413.902167957575
"i7-880","Desktop",4,NA,2010,3.73,8,95,16,420.573229818099
"i5-480M","Mobile",2,NA,2011,2.93,3,35,8,144.736478742316
"i3-390M","Mobile",2,NA,2011,2.66,3,35,8,131.050609100782
"i7-820QM","Mobile",4,NA,2009,3.06,8,45,8,330.621925542713
"i7-860","Desktop",4,NA,2009,3.46,8,95,16,389.325425368044
"i3-2102","Desktop",2,NA,2011,3.1,3,65,32,186.605257327388
"i3-2120","Desktop",2,NA,2011,3.3,3,65,32,198.985645263906
"i3-2125","Desktop",2,NA,2011,3.3,3,65,32,198.985645263906
"i3-2310M","Mobile",2,NA,2011,2.1,3,35,16,118.368484079097
"i3-2312M","Mobile",2,NA,2011,2.1,3,35,16,118.368484079097
"i3-2328M","Mobile",2,NA,2012,2.2,3,35,16,124.163594275503
"i3-2330M","Mobile",2,NA,2011,2.2,3,35,16,124.163594275503
"i3-2348M","Mobile",2,NA,2013,2.3,3,35,16,129.965945051835
"i3-2350M","Mobile",2,NA,2011,2.3,3,35,16,129.965945051835
"i3-2357M","Mobile",2,NA,2011,1.3,3,17,16,79.9546405562614
"i3-2365M","Mobile",2,NA,2012,1.4,3,17,16,86.2804061077264
"i3-2370M","Mobile",2,NA,2012,2.4,3,35,16,135.775229864563
"i3-2375M","Mobile",2,NA,2013,1.5,3,17,16,92.6186022508644
"i3-2377M","Mobile",2,NA,2012,1.5,3,17,16,92.6186022508644
"i5-2310","Desktop",4,NA,2011,3.2,6,95,32,386.633443277171
"i5-2390T","Desktop",2,NA,2011,3.5,3,35,32,230.385744198108
"i5-2400S","Desktop",4,NA,2011,3.3,6,65,32,420.672583203368
"i5-2405S","Desktop",4,NA,2011,3.3,6,65,32,420.672583203368
"i5-2410M","Mobile",2,NA,2011,2.9,3,35,16,164.916545617105
"i5-2430M","Mobile",2,NA,2011,3,3,35,16,170.762223385425
"i5-2450M","Mobile",2,NA,2012,3.1,3,35,16,176.613255511167
"i5-2435M","Mobile",2,NA,2011,3,3,35,16,170.762223385425
"i5-2467M","Mobile",2,NA,2011,2.3,3,17,8.01,124.814317417669
"i5-2500","Desktop",4,NA,2011,3.7,6,95,32,448.830771173005
"i5-2500K","Desktop",4,NA,2011,3.7,6,95,32,448.830771173005
"i5-2500S","Desktop",4,NA,2011,3.7,6,65,32,473.147409164102
"i5-2500T","Desktop",4,NA,2011,3.3,6,45,32,442.738899964942
"i5-2520M","Mobile",2,NA,2011,3.2,3,35,16,182.469473882462
"i5-2537M","Mobile",2,NA,2011,2.3,3,17,8.01,124.814317417669
"i5-2557M","Mobile",2,NA,2011,2.7,3,17,8.01,147.167734011777
"i7-2600K","Desktop",4,NA,2011,3.8,8,95,32,493.647248345646
"i7-2600S","Desktop",4,NA,2011,3.8,8,65,32,520.391941901193
"i7-2617M","Mobile",2,NA,2011,2.6,4,17,8.01,151.497778739464
"i7-2620M","Mobile",2,NA,2011,3.4,4,35,16,207.814741420362
"i7-2630QM","Mobile",4,NA,2011,2.9,6,45,16,336.675995718628
"i7-2629M","Mobile",2,NA,2011,3,4,25,8.01,166.331402192676
"i7-2635QM","Mobile",4,NA,2011,2.9,6,45,16,336.675995718628
"i7-2637M","Mobile",2,NA,2011,2.8,4,17,8.01,163.483817613583
"i7-2640M","Mobile",2,NA,2011,3.5,4,35,16,214.097298755911
"i7-2649M","Mobile",2,NA,2011,3.2,4,25,8.01,177.734880973799
"i7-2657M","Mobile",2,NA,2011,2.7,4,17,8.01,157.487749822308
"i7-2675QM","Mobile",4,NA,2011,3.1,6,45,16,360.554748668974
"i7-2670QM","Mobile",4,NA,2011,3.1,6,45,32,415.192795677451
"i7-2677M","Mobile",2,NA,2011,2.9,4,17,8.01,169.485770157298
"i7-2700K","Desktop",4,NA,2011,3.9,8,95,32,506.999485046614
"i7-2720QM","Mobile",4,NA,2011,3.3,6,45,32,442.738899964942
"i3-3130M","Mobile",2,NA,2013,2.6,3,35,32,169.752368598335
"i3-3220","Desktop",2,NA,2012,3.3,3,55,32,203.661335558783
"i3-3229Y","Mobile",2,NA,2013,1.4,3,13,32,103.13088215957
"i3-3245","Desktop",2,NA,2013,3.4,3,55,32,210.004980775544
"i5-3230M","Mobile",2,NA,2013,3.2,3,35,32,210.120685601089
"i5-3320M","Mobile",2,NA,2012,3.3,3,35,32,216.870139009128
"i5-3330","Desktop",4,NA,2012,3.2,6,77,32,398.092207022002
"i5-3339Y","Mobile",2,NA,2013,2,3,13,32,148.77996346984
"i5-3340","Desktop",4,NA,2013,3.3,6,77,32,410.879642945847
"i5-3340S","Desktop",4,NA,2013,3.3,6,65,32,420.672583203368
"i5-3340M","Mobile",2,NA,2013,3.4,3,35,32,223.625212161373
"i5-3360M","Mobile",2,NA,2012,3.5,3,35,32,230.385744198108
"i5-3380M","Mobile",2,NA,2013,3.6,3,35,32,237.151583332777
"i5-3437U","Mobile",2,NA,2013,2.9,3,17,32,209.964468089712
"i5-3439Y","Mobile",2,NA,2013,2.3,3,13,32,171.754889165059
"i5-3450S","Desktop",4,NA,2012,3.5,6,65,32,446.889399286867
"i5-3470","Desktop",4,NA,2012,3.6,6,77,32,449.304631467556
"i5-3470S","Desktop",4,NA,2012,3.6,6,65,32,460.013396160406
"i5-3550","Desktop",4,NA,2012,3.7,6,77,32,462.132894560698
"i5-3570K","Desktop",4,NA,2012,3.8,6,77,32,474.970683313452
"i7-3517U","Mobile",2,NA,2012,3,4,17,32,232.652408270013
"i7-3632QM","Mobile",4,NA,2012,3.2,6,35,32,444.213005812768
"i7-3635QM","Mobile",4,NA,2012,3.4,6,45,32,456.529335431404
"i7-3689Y","Mobile",2,NA,2013,2.6,4,13,32,208.473552830293
"i7-3770","Desktop",4,NA,2012,3.9,8,77,32,522.025570914036
"i7-3740QM","Mobile",4,NA,2012,3.7,6,45,32,497.966284989165
"i7-3770K","Desktop",4,NA,2012,3.9,8,77,32,522.025570914036
"i7-3770S","Desktop",4,NA,2012,3.9,8,65,32,534.467572645266
"QX6700","Desktop",4,NA,2006,2.66,8,130,39.4661935483871,341.870563471455
"QX6800","Desktop",4,NA,2007,2.93,8,130,39.4661935483871,377.572770413127
"QX6850","Desktop",4,NA,2007,3,8,130,39.4661935483871,386.844009064371
"QX9300","Mobile",4,NA,2008,2.53,12,45,22.4466183574879,369.110367885428
"QX9650","Desktop",4,NA,2007,3,12,130,39.4661935483871,425.619007805921
"QX9770","Desktop",4,NA,2008,3.2,12,136,39.4661935483871,451.954829228105
"QX9775","Desktop",4,NA,2008,3.2,12,150,39.4661935483871,445.839874004407
"X6800","Desktop",2,NA,2006,2.93,4,75,39.4661935483871,192.792608465893
"X7800","Mobile",2,NA,2007,2.6,4,44,22.4466183574879,163.713271498923
"X7900","Mobile",2,NA,2007,2.8,4,44,22.4466183574879,176.665762635904
"X9000","Mobile",2,NA,2008,2.8,6,44,22.4466183574879,194.373713549892
"X9100","Mobile",2,NA,2008,3.06,6,44,22.4466183574879,212.941306657592
"i7-920XM","Mobile",4,NA,2009,3.2,8,55,8,336.648819280278
"i7-940XM","Mobile",4,NA,2010,3.33,8,55,8,350.708480331015
"i7-2920XM","Mobile",4,NA,2011,3.5,8,55,32,489.464352106627
"G2100T","Desktop",2,NA,2012,2.6,3,35,32,169.752368598335
"G2120","Desktop",2,NA,2012,3.1,3,55,32,190.99003789536
"G2120T","Desktop",2,NA,2013,2.7,3,35,32,176.464095909511
"G2130","Desktop",2,NA,2013,3.2,3,55,32,197.322967807217
"G4520","Desktop",2,NA,2015,3.6,3,51,64,259.162789044496
"G4500","Desktop",2,NA,2015,3.5,3,51,64,251.768979078207
"G4620","Desktop",2,NA,2017,3.7,3,51,64,266.562241907816
"G4600","Desktop",2,NA,2017,3.6,3,51,64,259.162789044496
"G3220","Desktop",2,NA,2013,3,3,53,32,185.616165661732
"G3240","Desktop",2,NA,2014,3.1,3,53,32,191.976156336558
"G3250","Desktop",2,NA,2014,3.2,3,53,32,198.341784388286
"G3420","Desktop",2,NA,2013,3.2,3,53,32,198.341784388286
"G3430","Desktop",2,NA,2013,3.3,3,53,32,204.712878356337
"G3440","Desktop",2,NA,2014,3.3,3,53,32,204.712878356337
"G3450","Desktop",2,NA,2014,3.4,3,53,32,211.089277038157
"G3460","Desktop",2,NA,2014,3.5,3,53,32,217.470828591466
"2961Y","Mobile",2,NA,2013,1.1,2,11.5,16,64.6273476958299
"2981U","Mobile",2,NA,2013,1.6,2,15,16,91.531154051771
"1019Y","Mobile",2,NA,2013,1,2,10,32,68.8025407254544
"1037U","Mobile",2,NA,2013,1.8,2,17,32,116.908829077228
"360","Desktop",1,NA,2006,3.46,512,65,39.4661935483871,407.525090534359
"356","Desktop",1,NA,2006,3.33,512,86,39.4661935483871,376.843980854763
"355","Desktop",1,NA,2005,3.33,256,84,39.4661935483871,321.116821188221
"352","Desktop",1,NA,2006,3.2,512,86,39.4661935483871,361.736565616821
"351","Desktop",1,NA,2005,3.2,256,84,39.4661935483871,308.2434693396
"350J","Desktop",1,NA,2005,3.2,256,73,39.4661935483871,314.317641599447
"350","Desktop",1,NA,2005,3.2,256,73,39.4661935483871,314.317641599447
"347","Desktop",1,NA,2006,3.06,512,86,39.4661935483871,345.485904019974
"346","Desktop",1,NA,NA,3.06,256,84,39.4661935483871,294.39593280114
"345J","Desktop",1,NA,2004,3.06,256,84,39.4661935483871,294.39593280114
"345","Desktop",1,NA,2004,3.06,256,73,39.4661935483871,300.197228809986
"341","Desktop",1,NA,2004,2.93,256,84,39.4661935483871,281.553062878205
"340J","Desktop",1,NA,2004,2.93,256,84,39.4661935483871,281.553062878205
"","Desktop",1,NA,NA,0.3,512,18.48,39.4661935483871,39.3530044768097
"340","Desktop",1,NA,2004,2.93,256,73,39.4661935483871,287.101280356661
"336","Desktop",1,NA,NA,2.8,256,84,39.4661935483871,268.725836291387
"","Mobile",1,NA,2001,0.65,256,8.3,22.4466183574879,73.7079779446839
"335J","Desktop",1,NA,2004,2.8,256,84,39.4661935483871,268.725836291387
"","Desktop",1,NA,NA,0.766,128,20,39.4661935483871,73.5620219214867
"","Desktop",1,NA,NA,2.8,128,68.4,39.4661935483871,234.85237483982
"335","Desktop",1,NA,2004,2.8,256,73,39.4661935483871,274.021283503302
"","Mobile",1,NA,NA,0.933,128,20.6,22.4466183574879,79.9808067469846
"","Desktop",1,NA,2000,0.733,128,23.6,39.4661935483871,68.7083948640087
"","Desktop",1,NA,NA,2.7,128,66.8,39.4661935483871,226.984477510299
"383","Mobile",1,NA,NA,1,1,5.5,22.4466183574879,32.9026821148129
"335","Desktop",1,NA,2004,2.8,256,73,39.4661935483871,274.021283503302
"","Mobile",1,NA,NA,0.4,128,6.5,22.4466183574879,39.3289039257215
"","Desktop",1,NA,NA,0.95,128,28,39.4661935483871,87.5789082605305
"","Desktop",1,NA,NA,0.7,128,18.3,39.4661935483871,67.8909757291071
"","Desktop",1,NA,NA,2.6,128,62.6,39.4661935483871,220.33152223457
"373","Mobile",1,NA,2004,1,512,5.5,22.4466183574879,143.055688309449
"331","Desktop",1,NA,NA,2.66,256,84,39.4661935483871,254.930206296305
"807","Mobile",1,NA,2012,1.5,1.5,17,16,43.8102530761309
"B800","Mobile",2,NA,2011,1.5,2,35,16,76.139513183811
"","Mobile",1,NA,NA,0.9,128,24,22.4466183574879,75.4559100221228
"","Mobile",1,NA,NA,0.866,128,23.3,22.4466183574879,72.8277120589968
"","Desktop",1,NA,NA,0.9,256,34.8,39.4661935483871,94.6379652993289
"","Desktop",1,NA,NA,0.667,128,17.5,39.4661935483871,65.0074236981682
"","Desktop",1,NA,2002,2.5,128,61,39.4661935483871,212.392357348358
"353","Mobile",1,NA,NA,0.9,512,5,22.4466183574879,130.090622026811
"330J","Desktop",1,NA,2004,2.66,256,84,39.4661935483871,254.930206296305
"G530T","Desktop",2,NA,2011,2,2,35,32,117.830672998853
"","Mobile",1,NA,NA,0.85,128,18.8,22.4466183574879,73.6093152087252
"","Mobile",1,NA,NA,2.5,256,61,22.4466183574879,222.930823087251
"","Desktop",1,NA,NA,0.9,128,26.7,39.4661935483871,83.3957987644015
"","Desktop",1,NA,NA,0.633,128,16.5,39.4661935483871,62.1111670303379
"","Desktop",1,NA,NA,2.4,128,59.8,39.4661935483871,204.231593124442
"333","Mobile",1,NA,NA,0.9,512,7,22.4466183574879,124.145095486862
"330","Desktop",1,NA,2004,2.66,256,73,39.4661935483871,259.953800115178
"G540","Desktop",2,NA,2011,2.5,2,65,32,135.972662684937
"","Mobile",1,NA,NA,0.8,128,22,22.4466183574879,67.6690139601916
"","Mobile",1,NA,NA,0.8,128,17.6,22.4466183574879,69.8012834577747
"","Mobile",1,NA,2002,2.4,256,35,22.4466183574879,230.939133000949
"","Desktop",1,NA,2000,0.85,128,25.7,39.4661935483871,79.0576309022086
"","Desktop",1,NA,NA,0.6,128,15.8,39.4661935483871,59.1420296112327
"","Desktop",1,NA,NA,2.3,128,58.3,39.4661935483871,196.185015107079
"390","Mobile",1,NA,NA,1.7,1,21,22.4466183574879,47.1098888602597
"330","Desktop",1,NA,2004,2.66,256,73,39.4661935483871,259.953800115178
"B815","Mobile",2,NA,2012,1.6,2,35,16,81.359545670466
"G540T","Desktop",2,NA,2012,2.1,2,35,32,123.888083766647
"573","Mobile",1,NA,2006,1,512,10,22.4466183574879,131.645896071202
"","Mobile",1,NA,2003,0.6,512,7,22.4466183574879,81.8469828243151
"","Mobile",1,NA,NA,0.75,128,15.8,22.4466183574879,66.3100565672866
"","Mobile",1,NA,2002,2.2,256,35,22.4466183574879,211.188983740768
"","Desktop",1,NA,NA,0.8,128,20.8,39.4661935483871,76.5005660444319
"","Desktop",1,NA,2000,0.566,128,19.2,39.4661935483871,54.2122548672582
"","Desktop",1,NA,NA,2.2,128,57.1,39.4661935483871,187.969045109475
"380","Mobile",1,NA,NA,1.6,1,21,22.4466183574879,44.2649648053355
"326","Desktop",1,NA,2004,2.53,256,84,39.4661935483871,242.137804922473
"B820","Mobile",2,NA,2012,1.7,2,35,16,86.5885508124223
"530","Mobile",1,NA,2007,1.73,1,27,22.4466183574879,46.3173123263722
"443","Mobile",1,NA,NA,1.2,1,5.5,22.4466183574879,39.6813957844684
"","Mobile",1,NA,NA,0.733,128,20.6,22.4466183574879,62.4210136563182
"","Mobile",1,NA,NA,0.7,128,15,22.4466183574879,62.220102314997
"","Mobile",1,NA,NA,2,256,32,22.4466183574879,193.888805918947
"","Desktop",1,NA,NA,0.533,128,28.3,39.4661935483871,48.2910931351352
"","Desktop",1,NA,NA,2.1,128,55.5,39.4661935483871,179.905412785018
"","Desktop",1,NA,NA,1.4,256,34.8,39.4661935483871,149.011669233893
"","Mobile",1,NA,NA,0.8,512,7,22.4466183574879,109.994848911079
"370","Mobile",1,NA,2004,1.5,1,21,22.4466183574879,41.4249224673365
"325J","Desktop",1,NA,2004,2.53,256,84,39.4661935483871,242.137804922473
"B830","Mobile",2,NA,2012,1.8,2,35,16,91.8260142726586
"857","Mobile",2,NA,2011,1.2,2,17,16,66.9332370380331
"G550T","Desktop",2,NA,2012,2.2,2,35,32,129.953423734755
"","Mobile",1,NA,NA,0.466,128,20.7,22.4466183574879,39.1668182809604
"450","Desktop",1,NA,2008,2.2,512,35,39.4661935483871,278.919356682046
"523","Mobile",1,NA,2007,0.93,1,5.5,22.4466183574879,30.5385745736714
"540","Mobile",1,NA,2007,1.86,1,30,22.4466183574879,49.1713985766289
"","Mobile",1,NA,NA,0.65,128,14,22.4466183574879,58.2140818583216
"","Mobile",1,NA,NA,1.8,256,66.1,22.4466183574879,157.302842595461
"","Mobile",1,NA,NA,1.33,256,19,22.4466183574879,137.083492160463
"","Desktop",1,NA,NA,0.5,128,27,39.4661935483871,45.5184002522871
"","Desktop",1,NA,2002,2,128,52.8,39.4661935483871,172.299631203874
"","Desktop",1,NA,NA,1.3,256,33.4,39.4661935483871,138.877245774607
"423","Mobile",1,NA,2006,1.06,1,5.5,22.4466183574879,34.9326948356778
"360","Mobile",1,NA,NA,1.4,1,21,22.4466183574879,38.5900785220445
"326","Desktop",1,NA,2004,2.53,256,84,39.4661935483871,242.137804922473
"867","Mobile",2,NA,2012,1.3,2,17,16,72.6705648216462
"B710","Mobile",1,NA,2011,1.6,1.5,35,16,42.3419830152753
"G440","Desktop",1,NA,2011,1.6,1,35,32,44.3164173255533
"","Mobile",1,NA,NA,0.433,128,19.4,22.4466183574879,36.6488753667313
"T1700","Mobile",2,NA,2008,1.83,1,35,22.4466183574879,84.9869422926597
"550","Mobile",1,NA,2006,2,1,31,22.4466183574879,52.7369766795618
"","Mobile",1,NA,NA,0.6,128,13,22.4466183574879,54.1733927728393
"","Mobile",1,NA,NA,1.7,256,30,22.4466183574879,165.550431965915
"","Desktop",1,NA,2099,0.433,128,24.1,39.4661935483871,39.8886943328976
"","Desktop",1,NA,NA,1.2,256,32.1,39.4661935483871,128.620884984397
"450","Mobile",1,NA,NA,2,1,27,22.4466183574879,53.7597005032199
"350","Mobile",1,NA,NA,1.3,1,21,22.4466183574879,35.7607943269946
"325","Desktop",1,NA,2004,2.53,256,73,39.4661935483871,246.909314732142
"877","Mobile",2,NA,2012,1.4,2,17,16,78.4200366766388
"B720","Mobile",1,NA,2012,1.7,1.5,35,16,45.0633163890416
"","Mobile",1,NA,NA,0.4,128,13.8,22.4466183574879,35.4203831544768
"T3500","Mobile",2,NA,2010,2.1,1,35,22.4466183574879,97.895268299038
"T1600","Mobile",2,NA,2008,1.66,1,35,22.4466183574879,76.8858506100245
"E1200","Desktop",2,NA,2008,1.6,512,65,39.4661935483871,331.286065599819
"560","Mobile",1,NA,2008,2.13,1,31,22.4466183574879,56.2620928126894
"215","Mobile",1,NA,NA,1.33,512,27,22.4466183574879,153.704587405306
"","Mobile",1,NA,2004,1.6,256,30,22.4466183574879,155.552989441694
"","Desktop",1,NA,NA,0.4,128,23.7,39.4661935483871,36.8542070824819
"","Mobile",1,NA,NA,1.2,256,24.4,22.4466183574879,119.119866548806
"","Desktop",1,NA,NA,1.8,128,66.1,39.4661935483871,149.866766263056
"","Desktop",1,NA,NA,1.1,256,28.9,39.4661935483871,119.35100106585
"440","Mobile",1,NA,2006,1.86,1,27,22.4466183574879,49.8969846028662
"340","Mobile",1,NA,NA,1.5,512,24.5,22.4466183574879,176.29005393192
"320","Desktop",1,NA,2004,2.4,256,73,39.4661935483871,233.883230606246
"887","Mobile",2,NA,2012,1.5,2,17,16,84.1808066640682
"P4600","Mobile",2,NA,2010,2,2,35,8,88.8589504907654
"","Mobile",1,NA,NA,0.366,128,13.1,22.4466183574879,32.5655287582151
"T3300","Mobile",2,NA,2010,2,1,35,22.4466183574879,93.1087558736168
"900","Mobile",1,NA,2009,2.2,1,35,22.4466183574879,57.1895586606206
"743","Mobile",1,NA,2009,1.3,1,10,22.4466183574879,39.6465900690652
"570","Mobile",1,NA,2008,2.26,1,31,22.4466183574879,59.7931256955762
"E1400","Desktop",2,NA,2008,2,512,65,39.4661935483871,416.652913752125
"440","Desktop",1,NA,2006,2,512,35,39.4661935483871,252.900266616547
"","Mobile",1,NA,2004,1.5,256,30,22.4466183574879,145.572701921766
"","Desktop",1,NA,2099,0.366,128,21.7,39.4661935483871,34.054309733248
"","Mobile",1,NA,NA,1.13,256,23.8,22.4466183574879,112.374537940938
"","Desktop",1,NA,2002,1.7,128,63.5,39.4661935483871,142.109489828356
"430","Mobile",1,NA,NA,1.73,1,27,22.4466183574879,46.3173123263722
"","Desktop",1,NA,NA,1.1,128,33,39.4661935483871,99.5167741796132
"330","Mobile",1,NA,NA,1.4,512,24.5,22.4466183574879,164.225944641235
"315J","Desktop",1,NA,2004,2.26,256,73,39.4661935483871,219.876833384079
"787","Mobile",1,NA,2011,1.3,1.5,17,16,37.8199730103161
"925","Mobile",1,NA,2011,2.3,1,35,22.4466183574879,59.8621124154371
"","Mobile",1,NA,NA,0.3,128,11.8,22.4466183574879,26.93626205119
"320","Desktop",1,NA,NA,2.4,256,84,39.4661935483871,229.363449202432
"575","Mobile",1,NA,2006,2,1,31,22.4466183574879,52.7369766795618
"530","Mobile",1,NA,2006,1.73,1,30,22.4466183574879,45.6437807519821
"","Desktop",1,NA,2007,1.83,1,27,39.4661935483871,55.0435709920713
"","Mobile",1,NA,NA,0.45,128,15.5,22.4466183574879,39.336522481566
"","Mobile",1,NA,2004,1.4,256,30,22.4466183574879,135.610682247062
"","Mobile",1,NA,NA,1.06,256,23.2,22.4466183574879,105.602548130192
"","Desktop",1,NA,NA,0.333,128,19.7,39.4661935483871,31.321802440881
"","Desktop",1,NA,NA,1,256,27.8,39.4661935483871,108.802733246664
"420","Mobile",1,NA,NA,1.6,1,27,22.4466183574879,42.7450260869452
"320","Mobile",1,NA,2003,1.3,512,24.5,22.4466183574879,152.185495712758
"315","Desktop",1,NA,2004,2.26,256,73,39.4661935483871,219.876833384079
"797","Mobile",1,NA,2012,1.4,1.5,17,16,40.8121730972847
"763","Mobile",1,NA,2011,1.4,1,10,22.4466183574879,42.7833064866129
"","Mobile",1,NA,NA,0.266,128,9.8,22.4466183574879,24.4273800214854
"U3400","Mobile",2,NA,2010,1.06,2,18,8,50.7641508015138
"SU2300","Mobile",2,NA,2009,1.2,1,10,22.4466183574879,65.5680518031775
"585","Mobile",1,NA,2008,2.16,1,31,22.4466183574879,57.0764341061208
"220","Desktop",1,NA,2007,1.2,512,19,39.4661935483871,162.890391643169
"","Desktop",1,NA,2006,1.66,1,27,39.4661935483871,49.7967294995175
"420","Desktop",1,NA,2007,1.6,512,35,39.4661935483871,201.084239546167
"520","Mobile",1,NA,2007,1.6,1,30,22.4466183574879,42.1234415590085
"","Mobile",1,NA,2002,1.2,256,20.8,22.4466183574879,121.793125431004
"","Mobile",1,NA,NA,1,256,22,22.4466183574879,100.202929067827
"","Desktop",1,NA,2099,0.3,128,17.8,39.4661935483871,28.5366490818489
"","Desktop",1,NA,NA,1,128,29,39.4661935483871,91.8689631576271
"410","Mobile",1,NA,NA,1.46,1,27,22.4466183574879,38.9068809841667
"310","Mobile",1,NA,NA,1.2,512,24.5,22.4466183574879,140.170478697841
"310","Desktop",1,NA,2005,2.13,256,73,39.4661935483871,206.892191423445
"3106","Server",8,NA,2017,1.7,11,85,768,810.868852860563
"4108","Server",8,NA,2017,3,11,85,768,1453.43899794127
"4110","Server",8,NA,2017,3,11,85,768,1453.43899794127
"4112","Server",4,NA,2017,3,8.25,85,768,756.413876914113
"4114","Server",10,NA,2017,3,13.75,85,768,1849.53631577498
"4116","Server",12,NA,2017,3,16.5,85,768,2252.06673846398
"4116T","Server",12,NA,2017,3,16.5,85,768,2252.06673846398
"5119T","Server",14,NA,2017,3.2,19.25,85,768,2842.39510551203
"5120","Server",14,NA,2017,3.2,19.25,105,768,2760.10408135542
"5122","Server",4,NA,2017,3.7,16.5,105,768,1072.7572056798
"6128","Server",6,NA,2017,3.7,19.25,115,768,1546.96229465333
"6130","Server",16,NA,2017,3.7,22,125,768,3612.55386296276
"6134","Server",8,NA,2017,3.7,24.75,130,768,2057.28270952423
"6138","Server",20,NA,2017,3.7,27.5,125,768,4597.06225834514
"6140","Server",18,NA,2017,3.7,24.75,140,768,4038.47968255861
"6142","Server",16,NA,2017,3.7,22,150,768,3522.13202351851
"6148","Server",20,NA,2017,3.7,27.5,150,768,4481.99827834447
"6152","Server",22,NA,2017,3.7,30.25,140,768,5015.83227974904
"8160","Server",24,NA,2017,3.7,33,150,768,5457.45393503291
"8164","Server",26,NA,2017,3.7,35.75,150,768,5950.23770600101
"8170","Server",26,NA,2017,3.7,35.75,165,768,5871.9104262665
"8176F","Server",28,NA,2017,3.8,38.5,173,768,6495.02888503969
"i7-5775C","Desktop",4,NA,2015,3.7,6,65,32,473.147409164102
"i3-7167U","Mobile",2,NA,2017,2.8,3,28,32,188.954791066924
"i3-7130U","Mobile",2,NA,2017,2.7,3,15,32,198.525719559951
"i3-7300T","Desktop",2,NA,2017,3.5,4,35,64,283.901944152123
"i3-7300","Desktop",2,NA,2017,4,4,51,64,309.044383144434
"i3-7320","Desktop",2,NA,2017,4.1,4,51,64,316.985362131092
"i3-7350K","Desktop",2,NA,2017,4.2,4,60,64,317.672066492366
"i7-6560U","Mobile",2,NA,2015,3.2,4,15,32,252.966730371896
"i7-6567U","Mobile",2,NA,2015,3.6,4,28,32,261.778372572647
"i7-6700","Desktop",4,NA,2015,4,8,65,64,631.6802202404
"i7-6700K","Desktop",4,NA,2015,4.2,8,91,64,633.799704018125
"i7-6785R","Desktop",4,NA,2016,3.9,8,65,64,615.460166603608
"i5-6400","Desktop",4,NA,2015,3.3,6,65,64,484.420816893517
"i5-6402P","Desktop",4,NA,2015,3.4,6,65,64,499.509561104857
"i5-6500","Desktop",4,NA,2015,3.6,6,65,64,529.723290862186
"i5-6585R","Desktop",4,NA,2016,3.6,6,65,64,529.723290862186
"i5-6600K","Desktop",4,NA,2015,3.9,6,91,64,548.844544583467
"i5-6685R","Desktop",4,NA,2016,3.8,6,65,64,559.983173567689
"i5-6600","Desktop",4,NA,2015,3.9,6,65,64,575.129673233378
"i3-6320","Desktop",2,NA,2015,3.9,4,51,64,301.108854517553
"i3-6300T","Desktop",2,NA,2015,3.3,4,35,64,267.246805168157
"i3-6300","Desktop",2,NA,2015,3.8,4,51,64,293.178912147087
